frame_idx,image_path,frame_timestamp_ms,frame_monotonic_ts,matched_pressure,pressure_timestamp_ms,pressure_monotonic_ts,sync_error_ms
0,rgb/000000_1779243743644.png,1779243743644,597757.906145,55,1779243743632,597757.893851,12.295
1,rgb/000001_1779243743677.png,1779243743677,597757.938698,55,1779243743672,597757.934585,4.113
2,rgb/000002_1779243743709.png,1779243743709,597757.971111,54,1779243743709,597757.971595,0.484
3,rgb/000003_1779243743741.png,1779243743741,597758.003355,54,1779243743730,597757.991851,11.504
4,rgb/000004_1779243743775.png,1779243743775,597758.036865,53,1779243743770,597758.032369,4.497
5,rgb/000005_1779243743806.png,1779243743806,597758.068371,52,1779243743791,597758.052694,15.677
6,rgb/000006_1779243743839.png,1779243743839,597758.100725,51,1779243743831,597758.093309,7.416
7,rgb/000007_1779243743871.png,1779243743871,597758.133022,51,1779243743873,597758.134886,1.864
8,rgb/000008_1779243743903.png,1779243743903,597758.165105,50,1779243743888,597758.150099,15.006
9,rgb/000009_1779243743937.png,1779243743937,597758.198937,48,1779243743929,597758.191283,7.654
10,rgb/000010_1779243743968.png,1779243743968,597758.230272,50,1779243743970,597758.231779,1.507
11,rgb/000011_1779243744001.png,1779243744001,597758.262659,50,1779243743990,597758.252040,10.62
12,rgb/000012_1779243744033.png,1779243744033,597758.294964,51,1779243744031,597758.292651,2.313
13,rgb/000013_1779243744066.png,1779243744066,597758.328016,51,1779243744069,597758.331026,3.01
14,rgb/000014_1779243744097.png,1779243744097,597758.359612,50,1779243744090,597758.352236,7.376
15,rgb/000015_1779243744130.png,1779243744130,597758.391956,51,1779243744132,597758.394005,2.049
16,rgb/000016_1779243744164.png,1779243744164,597758.425944,50,1779243744169,597758.431031,5.087
17,rgb/000017_1779243744195.png,1779243744195,597758.457217,51,1779243744190,597758.452384,4.834
18,rgb/000018_1779243744229.png,1779243744229,597758.490724,51,1779243744232,597758.493813,3.089
19,rgb/000019_1779243744260.png,1779243744260,597758.521648,52,1779243744253,597758.514989,6.659
20,rgb/000020_1779243744292.png,1779243744292,597758.554277,53,1779243744290,597758.551844,2.433
21,rgb/000021_1779243744325.png,1779243744325,597758.587347,52,1779243744331,597758.592916,5.569
22,rgb/000022_1779243744357.png,1779243744357,597758.619211,53,1779243744352,597758.613938,5.274
23,rgb/000023_1779243744390.png,1779243744390,597758.651735,52,1779243744387,597758.649433,2.302
24,rgb/000024_1779243744422.png,1779243744422,597758.683822,53,1779243744408,597758.669720,14.102
25,rgb/000025_1779243744455.png,1779243744455,597758.716624,52,1779243744448,597758.710295,6.329
26,rgb/000026_1779243744487.png,1779243744487,597758.748741,53,1779243744489,597758.751428,2.687
27,rgb/000027_1779243744519.png,1779243744519,597758.780768,53,1779243744510,597758.771684,9.084
28,rgb/000028_1779243744552.png,1779243744552,597758.813876,52,1779243744550,597758.812617,1.259
29,rgb/000029_1779243744584.png,1779243744584,597758.845704,52,1779243744571,597758.832892,12.812
30,rgb/000030_1779243744616.png,1779243744616,597758.878085,52,1779243744607,597758.869447,8.638
31,rgb/000031_1779243744649.png,1779243744649,597758.910647,53,1779243744648,597758.910496,0.151
32,rgb/000032_1779243744681.png,1779243744681,597758.942931,53,1779243744669,597758.930780,12.151
33,rgb/000033_1779243744715.png,1779243744715,597758.977238,53,1779243744709,597758.971248,5.99
34,rgb/000034_1779243744746.png,1779243744746,597759.007729,52,1779243744729,597758.991484,16.244
35,rgb/000035_1779243744778.png,1779243744778,597759.040306,53,1779243744770,597759.031965,8.341
36,rgb/000036_1779243744811.png,1779243744811,597759.072681,53,1779243744810,597759.072560,0.121
37,rgb/000037_1779243744843.png,1779243744843,597759.105348,58,1779243744846,597759.108070,2.722
38,rgb/000038_1779243744876.png,1779243744876,597759.138219,53,1779243744866,597759.128601,9.618
39,rgb/000039_1779243744908.png,1779243744908,597759.169801,59,1779243744907,597759.169141,0.66
40,rgb/000040_1779243744940.png,1779243744940,597759.202549,52,1779243744948,597759.209725,7.177
41,rgb/000041_1779243744973.png,1779243744973,597759.234824,52,1779243744968,597759.230015,4.809
42,rgb/000042_1779243745006.png,1779243745006,597759.267686,49,1779243745008,597759.270617,2.931
43,rgb/000043_1779243745039.png,1779243745039,597759.301137,48,1779243745029,597759.290941,10.196
44,rgb/000044_1779243745070.png,1779243745070,597759.332085,47,1779243745070,597759.331872,0.213
45,rgb/000045_1779243745102.png,1779243745102,597759.364450,46,1779243745105,597759.367377,2.927
46,rgb/000046_1779243745135.png,1779243745135,597759.396986,54,1779243745125,597759.387622,9.364
47,rgb/000047_1779243745168.png,1779243745168,597759.429963,50,1779243745166,597759.428263,1.7
48,rgb/000048_1779243745200.png,1779243745200,597759.461906,50,1779243745186,597759.448558,13.348
49,rgb/000049_1779243745232.png,1779243745232,597759.494535,46,1779243745227,597759.489216,5.32
50,rgb/000050_1779243745264.png,1779243745264,597759.526386,46,1779243745247,597759.509565,16.822
51,rgb/000051_1779243745297.png,1779243745297,597759.559121,49,1779243745284,597759.546467,12.654
52,rgb/000052_1779243745329.png,1779243745329,597759.591340,42,1779243745326,597759.587816,3.524
53,rgb/000053_1779243745361.png,1779243745361,597759.623592,42,1779243745346,597759.608361,15.231
54,rgb/000054_1779243745395.png,1779243745395,597759.656794,41,1779243745388,597759.649970,6.824
55,rgb/000055_1779243745458.png,1779243745458,597759.720571,42,1779243745465,597759.727222,6.651
56,rgb/000056_1779243745491.png,1779243745491,597759.752935,42,1779243745485,597759.747484,5.451
57,rgb/000057_1779243745523.png,1779243745523,597759.785331,39,1779243745526,597759.788069,2.737
58,rgb/000058_1779243745556.png,1779243745556,597759.817930,38,1779243745546,597759.808352,9.578
59,rgb/000059_1779243745589.png,1779243745589,597759.850912,39,1779243745587,597759.849032,1.881
60,rgb/000060_1779243745621.png,1779243745621,597759.883008,41,1779243745607,597759.869341,13.667
61,rgb/000061_1779243745653.png,1779243745653,597759.915109,40,1779243745645,597759.906924,8.185
62,rgb/000062_1779243745685.png,1779243745685,597759.947580,39,1779243745687,597759.949300,1.72
63,rgb/000063_1779243745718.png,1779243745718,597759.980325,39,1779243745707,597759.969568,10.757
64,rgb/000064_1779243745750.png,1779243745750,597760.012493,39,1779243745744,597760.006413,6.08
65,rgb/000065_1779243745783.png,1779243745783,597760.045098,40,1779243745785,597760.046983,1.884
66,rgb/000066_1779243745817.png,1779243745817,597760.078980,41,1779243745805,597760.067256,11.724
67,rgb/000067_1779243745847.png,1779243745847,597760.109606,40,1779243745846,597760.107877,1.729
68,rgb/000068_1779243745880.png,1779243745880,597760.142380,40,1779243745883,597760.144787,2.407
69,rgb/000069_1779243745913.png,1779243745913,597760.174864,39,1779243745903,597760.165381,9.482
70,rgb/000070_1779243745945.png,1779243745945,597760.207246,36,1779243745944,597760.206366,0.88
71,rgb/000071_1779243745977.png,1779243745977,597760.239048,36,1779243745965,597760.226789,12.259
72,rgb/000072_1779243746011.png,1779243746011,597760.272811,35,1779243746005,597760.267371,5.44
73,rgb/000073_1779243746042.png,1779243746042,597760.304482,32,1779243746046,597760.308108,3.626
74,rgb/000074_1779243746075.png,1779243746075,597760.337612,33,1779243746066,597760.328415,9.197
75,rgb/000075_1779243746107.png,1779243746107,597760.368873,33,1779243746102,597760.363978,4.895
76,rgb/000076_1779243746140.png,1779243746140,597760.401703,29,1779243746144,597760.405707,4.003
77,rgb/000077_1779243746172.png,1779243746172,597760.433724,29,1779243746164,597760.426033,7.69
78,rgb/000078_1779243746204.png,1779243746204,597760.466074,26,1779243746205,597760.467034,0.96
79,rgb/000079_1779243746238.png,1779243746238,597760.500074,22,1779243746241,597760.503211,3.137
80,rgb/000080_1779243746269.png,1779243746269,597760.531122,21,1779243746262,597760.523818,7.304
81,rgb/000081_1779243746301.png,1779243746301,597760.563161,15,1779243746303,597760.565455,2.294
82,rgb/000082_1779243746334.png,1779243746334,597760.596203,16,1779243746324,597760.585736,10.467
83,rgb/000083_1779243746367.png,1779243746367,597760.629004,16,1779243746364,597760.626310,2.694
84,rgb/000084_1779243746398.png,1779243746398,597760.660321,16,1779243746384,597760.646592,13.729
85,rgb/000085_1779243746432.png,1779243746432,597760.694117,16,1779243746422,597760.683685,10.432
86,rgb/000086_1779243746463.png,1779243746463,597760.725462,14,1779243746462,597760.724305,1.156
87,rgb/000087_1779243746496.png,1779243746496,597760.757902,14,1779243746503,597760.764920,7.018
88,rgb/000088_1779243746529.png,1779243746529,597760.791021,14,1779243746523,597760.785211,5.81
89,rgb/000089_1779243746561.png,1779243746561,597760.822656,14,1779243746564,597760.825787,3.131
90,rgb/000090_1779243746594.png,1779243746594,597760.856377,13,1779243746584,597760.846070,10.307
91,rgb/000091_1779243746626.png,1779243746626,597760.887736,11,1779243746625,597760.886706,1.03
92,rgb/000092_1779243746658.png,1779243746658,597760.919938,13,1779243746661,597760.922889,2.95
93,rgb/000093_1779243746690.png,1779243746690,597760.952022,8,1779243746682,597760.944531,7.491
94,rgb/000094_1779243746723.png,1779243746723,597760.984847,5,1779243746724,597760.986553,1.707
95,rgb/000095_1779243746756.png,1779243746756,597761.018474,4,1779243746761,597761.023414,4.94
96,rgb/000096_1779243746787.png,1779243746787,597761.049346,10,1779243746782,597761.044090,5.256
97,rgb/000097_1779243746821.png,1779243746821,597761.083272,10,1779243746824,597761.086360,3.088
98,rgb/000098_1779243746852.png,1779243746852,597761.114257,11,1779243746846,597761.108008,6.248
99,rgb/000099_1779243746884.png,1779243746884,597761.146537,16,1779243746882,597761.144094,2.443
100,rgb/000100_1779243746917.png,1779243746917,597761.179452,16,1779243746924,597761.186124,6.672
101,rgb/000101_1779243746950.png,1779243746950,597761.212045,17,1779243746939,597761.201350,10.696
102,rgb/000102_1779243746982.png,1779243746982,597761.244428,17,1779243746982,597761.243858,0.57
103,rgb/000103_1779243747014.png,1779243747014,597761.276019,17,1779243747002,597761.264162,11.857
104,rgb/000104_1779243747048.png,1779243747048,597761.309873,21,1779243747043,597761.304798,5.075
105,rgb/000105_1779243747079.png,1779243747079,597761.341364,17,1779243747079,597761.341407,0.043
106,rgb/000106_1779243747112.png,1779243747112,597761.373670,17,1779243747100,597761.362590,11.08
107,rgb/000107_1779243747144.png,1779243747144,597761.405849,17,1779243747143,597761.404868,0.981
108,rgb/000108_1779243747177.png,1779243747177,597761.438695,17,1779243747179,597761.441335,2.64
109,rgb/000109_1779243747209.png,1779243747209,597761.470700,17,1779243747201,597761.462963,7.736
110,rgb/000110_1779243747241.png,1779243747241,597761.502883,17,1779243747242,597761.504098,1.215
111,rgb/000111_1779243747274.png,1779243747274,597761.536081,19,1779243747278,597761.540615,4.534
112,rgb/000112_1779243747306.png,1779243747306,597761.567647,20,1779243747299,597761.560903,6.743
113,rgb/000113_1779243747338.png,1779243747338,597761.600375,22,1779243747339,597761.601469,1.094
114,rgb/000114_1779243747371.png,1779243747371,597761.633113,23,1779243747380,597761.642051,8.938
115,rgb/000115_1779243747403.png,1779243747403,597761.664968,23,1779243747401,597761.663171,1.797
116,rgb/000116_1779243747435.png,1779243747435,597761.697386,24,1779243747438,597761.699773,2.387
117,rgb/000117_1779243747468.png,1779243747468,597761.730165,24,1779243747458,597761.720006,10.159
118,rgb/000118_1779243747500.png,1779243747500,597761.762025,24,1779243747498,597761.760491,1.534
119,rgb/000119_1779243747534.png,1779243747534,597761.795857,24,1779243747539,597761.800961,5.103
120,rgb/000120_1779243747565.png,1779243747565,597761.827239,24,1779243747560,597761.821757,5.482
121,rgb/000121_1779243747599.png,1779243747599,597761.860753,24,1779243747602,597761.864017,3.263
122,rgb/000122_1779243747630.png,1779243747630,597761.891661,24,1779243747622,597761.884386,7.274
123,rgb/000123_1779243747662.png,1779243747662,597761.924093,24,1779243747658,597761.919912,4.182
124,rgb/000124_1779243747696.png,1779243747696,597761.957805,28,1779243747699,597761.961588,3.783
125,rgb/000125_1779243747727.png,1779243747727,597761.989037,24,1779243747720,597761.982469,6.568
126,rgb/000126_1779243747792.png,1779243747792,597762.053740,24,1779243747781,597762.043226,10.514
127,rgb/000127_1779243747824.png,1779243747824,597762.086454,26,1779243747817,597762.078771,7.683
128,rgb/000128_1779243747857.png,1779243747857,597762.118742,28,1779243747858,597762.120190,1.448
129,rgb/000129_1779243747890.png,1779243747890,597762.151961,29,1779243747878,597762.140476,11.486
130,rgb/000130_1779243747921.png,1779243747921,597762.183394,36,1779243747920,597762.182204,1.19
131,rgb/000131_1779243747954.png,1779243747954,597762.216324,35,1779243747961,597762.222717,6.393
132,rgb/000132_1779243747986.png,1779243747986,597762.248526,40,1779243747981,597762.243049,5.477
133,rgb/000133_1779243748019.png,1779243748019,597762.280987,36,1779243748016,597762.278611,2.376
134,rgb/000134_1779243748052.png,1779243748052,597762.313666,37,1779243748037,597762.298909,14.758
135,rgb/000135_1779243748084.png,1779243748084,597762.346125,40,1779243748077,597762.339451,6.674
136,rgb/000136_1779243748116.png,1779243748116,597762.378132,41,1779243748099,597762.361173,16.959
137,rgb/000137_1779243748148.png,1779243748148,597762.410603,40,1779243748140,597762.402567,8.037
138,rgb/000138_1779243748183.png,1779243748183,597762.445303,39,1779243748176,597762.438094,7.209
139,rgb/000139_1779243748213.png,1779243748213,597762.475499,40,1779243748198,597762.460329,15.17
140,rgb/000140_1779243748247.png,1779243748247,597762.508624,39,1779243748240,597762.502190,6.434
141,rgb/000141_1779243748278.png,1779243748278,597762.539967,38,1779243748276,597762.538423,1.544
142,rgb/000142_1779243748343.png,1779243748343,597762.604742,37,1779243748339,597762.600697,4.045
143,rgb/000143_1779243748375.png,1779243748375,597762.637132,40,1779243748379,597762.641193,4.061
144,rgb/000144_1779243748408.png,1779243748408,597762.669974,43,1779243748399,597762.661466,8.508
145,rgb/000145_1779243748440.png,1779243748440,597762.702545,43,1779243748440,597762.702390,0.156
146,rgb/000146_1779243748472.png,1779243748472,597762.734365,44,1779243748456,597762.717626,16.739
147,rgb/000147_1779243748505.png,1779243748505,597762.766705,43,1779243748498,597762.759852,6.852
148,rgb/000148_1779243748538.png,1779243748538,597762.799851,44,1779243748518,597762.780141,19.71
149,rgb/000149_1779243748570.png,1779243748570,597762.831623,46,1779243748559,597762.820748,10.875
150,rgb/000150_1779243748602.png,1779243748602,597762.864417,48,1779243748599,597762.861227,3.19
151,rgb/000151_1779243748634.png,1779243748634,597762.896507,50,1779243748635,597762.896721,0.214
152,rgb/000152_1779243748667.png,1779243748667,597762.928791,51,1779243748655,597762.917051,11.74
153,rgb/000153_1779243748700.png,1779243748700,597762.962513,52,1779243748696,597762.957651,4.862
154,rgb/000154_1779243748732.png,1779243748732,597762.993810,52,1779243748716,597762.977961,15.849
155,rgb/000155_1779243748764.png,1779243748764,597763.026534,52,1779243748758,597763.020331,6.203
156,rgb/000156_1779243748796.png,1779243748796,597763.058605,53,1779243748795,597763.056953,1.652
157,rgb/000157_1779243748829.png,1779243748829,597763.090924,51,1779243748815,597763.077263,13.661
158,rgb/000158_1779243748861.png,1779243748861,597763.123120,52,1779243748856,597763.117776,5.344
159,rgb/000159_1779243748893.png,1779243748893,597763.155476,53,1779243748896,597763.158242,2.766
160,rgb/000160_1779243748926.png,1779243748926,597763.188221,54,1779243748917,597763.179312,8.909
161,rgb/000161_1779243748959.png,1779243748959,597763.221007,53,1779243748958,597763.220536,0.47
162,rgb/000162_1779243748991.png,1779243748991,597763.253017,53,1779243748974,597763.235767,17.25
163,rgb/000163_1779243749023.png,1779243749023,597763.285331,52,1779243749015,597763.276977,8.354
164,rgb/000164_1779243749056.png,1779243749056,597763.318055,52,1779243749036,597763.298363,19.692
165,rgb/000165_1779243749088.png,1779243749088,597763.349860,52,1779243749077,597763.338918,10.941
166,rgb/000166_1779243749121.png,1779243749121,597763.383371,54,1779243749117,597763.379525,3.846
167,rgb/000167_1779243749153.png,1779243749153,597763.415217,54,1779243749138,597763.399838,15.378
168,rgb/000168_1779243749185.png,1779243749185,597763.447119,55,1779243749173,597763.435373,11.746
169,rgb/000169_1779243749218.png,1779243749218,597763.479764,57,1779243749214,597763.475877,3.887
170,rgb/000170_1779243749251.png,1779243749251,597763.513558,57,1779243749254,597763.516349,2.791
171,rgb/000171_1779243749283.png,1779243749283,597763.544664,57,1779243749275,597763.536669,7.995
172,rgb/000172_1779243749315.png,1779243749315,597763.576932,58,1779243749315,597763.577254,0.322
173,rgb/000173_1779243749347.png,1779243749347,597763.609605,58,1779243749335,597763.597563,12.042
174,rgb/000174_1779243749380.png,1779243749380,597763.641841,57,1779243749376,597763.638094,3.748
175,rgb/000175_1779243749412.png,1779243749412,597763.674134,56,1779243749417,597763.678696,4.562
176,rgb/000176_1779243749446.png,1779243749446,597763.707859,55,1779243749452,597763.714230,6.371
177,rgb/000177_1779243749477.png,1779243749477,597763.739051,55,1779243749472,597763.734549,4.502
178,rgb/000178_1779243749509.png,1779243749509,597763.771316,58,1779243749513,597763.775276,3.96
179,rgb/000179_1779243749542.png,1779243749542,597763.804043,59,1779243749533,597763.795568,8.475
180,rgb/000180_1779243749574.png,1779243749574,597763.836281,60,1779243749574,597763.836146,0.135
181,rgb/000181_1779243749607.png,1779243749607,597763.869027,61,1779243749594,597763.856431,12.596
182,rgb/000182_1779243749639.png,1779243749639,597763.900822,59,1779243749636,597763.898193,2.629
183,rgb/000183_1779243749673.png,1779243749673,597763.934854,58,1779243749673,597763.934747,0.107
184,rgb/000184_1779243749704.png,1779243749704,597763.966157,58,1779243749693,597763.955066,11.092
185,rgb/000185_1779243749736.png,1779243749736,597763.997989,58,1779243749734,597763.995708,2.282
186,rgb/000186_1779243749769.png,1779243749769,597764.031608,62,1779243749774,597764.036592,4.983
187,rgb/000187_1779243749801.png,1779243749801,597764.063389,60,1779243749795,597764.057470,5.919
188,rgb/000188_1779243749834.png,1779243749834,597764.096295,64,1779243749832,597764.094570,1.725
189,rgb/000189_1779243749866.png,1779243749866,597764.127943,62,1779243749873,597764.135337,7.394
190,rgb/000190_1779243749898.png,1779243749898,597764.160559,64,1779243749894,597764.156408,4.15
191,rgb/000191_1779243749932.png,1779243749932,597764.194089,64,1779243749932,597764.193962,0.127
192,rgb/000192_1779243749963.png,1779243749963,597764.225074,68,1779243749952,597764.214267,10.807
193,rgb/000193_1779243749996.png,1779243749996,597764.257869,66,1779243749993,597764.254901,2.968
194,rgb/000194_1779243750028.png,1779243750028,597764.289733,65,1779243750013,597764.275189,14.544
195,rgb/000195_1779243750060.png,1779243750060,597764.322268,66,1779243750054,597764.315850,6.418
196,rgb/000196_1779243750094.png,1779243750094,597764.355773,67,1779243750095,597764.356713,0.941
197,rgb/000197_1779243750125.png,1779243750125,597764.387295,68,1779243750115,597764.377017,10.278
198,rgb/000198_1779243750159.png,1779243750159,597764.421121,69,1779243750153,597764.414911,6.21
199,rgb/000199_1779243750190.png,1779243750190,597764.452293,68,1779243750174,597764.436226,16.067
200,rgb/000200_1779243750223.png,1779243750223,597764.484826,66,1779243750230,597764.492132,7.306
201,rgb/000201_1779243750255.png,1779243750255,597764.516700,64,1779243750250,597764.512416,4.284
202,rgb/000202_1779243750288.png,1779243750288,597764.549885,63,1779243750291,597764.553143,3.258
203,rgb/000203_1779243750320.png,1779243750320,597764.581711,63,1779243750311,597764.573449,8.262
204,rgb/000204_1779243750352.png,1779243750352,597764.614151,63,1779243750352,597764.614088,0.063
205,rgb/000205_1779243750384.png,1779243750384,597764.646592,62,1779243750372,597764.634423,12.169
206,rgb/000206_1779243750416.png,1779243750416,597764.678619,63,1779243750413,597764.675021,3.598
207,rgb/000207_1779243750450.png,1779243750450,597764.711683,61,1779243750454,597764.716604,4.921
208,rgb/000208_1779243750482.png,1779243750482,597764.743789,60,1779243750470,597764.731837,11.953
209,rgb/000209_1779243750515.png,1779243750515,597764.776781,61,1779243750510,597764.772425,4.356
210,rgb/000210_1779243750547.png,1779243750547,597764.809116,61,1779243750531,597764.792717,16.399
211,rgb/000211_1779243750579.png,1779243750579,597764.840916,61,1779243750572,597764.834055,6.861
212,rgb/000212_1779243750611.png,1779243750611,597764.872996,61,1779243750592,597764.854348,18.648
213,rgb/000213_1779243750643.png,1779243750643,597764.905525,60,1779243750633,597764.894902,10.623
214,rgb/000214_1779243750676.png,1779243750676,597764.937938,57,1779243750673,597764.935596,2.341
215,rgb/000215_1779243750709.png,1779243750709,597764.970710,56,1779243750709,597764.971133,0.423
216,rgb/000216_1779243750741.png,1779243750741,597765.002935,55,1779243750729,597764.991413,11.522
217,rgb/000217_1779243750773.png,1779243750773,597765.034982,53,1779243750770,597765.031954,3.028
218,rgb/000218_1779243750805.png,1779243750805,597765.067623,54,1779243750810,597765.072486,4.864
219,rgb/000219_1779243750838.png,1779243750838,597765.100422,55,1779243750831,597765.092765,7.656
220,rgb/000220_1779243750871.png,1779243750871,597765.132999,56,1779243750871,597765.133345,0.347
221,rgb/000221_1779243750904.png,1779243750904,597765.165844,56,1779243750892,597765.154339,11.505
222,rgb/000222_1779243750935.png,1779243750935,597765.197127,56,1779243750933,597765.194934,2.193
223,rgb/000223_1779243750967.png,1779243750967,597765.229445,54,1779243750969,597765.231010,1.565
224,rgb/000224_1779243751001.png,1779243751001,597765.262694,54,1779243750990,597765.251708,10.986
225,rgb/000225_1779243751033.png,1779243751033,597765.294848,54,1779243751032,597765.294005,0.843
226,rgb/000226_1779243751065.png,1779243751065,597765.326659,55,1779243751052,597765.314259,12.401
227,rgb/000227_1779243751130.png,1779243751130,597765.391658,52,1779243751128,597765.390388,1.27
228,rgb/000228_1779243751162.png,1779243751162,597765.424084,52,1779243751149,597765.410688,13.396
229,rgb/000229_1779243751195.png,1779243751195,597765.457441,48,1779243751189,597765.451351,6.09
230,rgb/000230_1779243751227.png,1779243751227,597765.489143,49,1779243751210,597765.471643,17.5
231,rgb/000231_1779243751259.png,1779243751259,597765.521389,49,1779243751251,597765.512772,8.616
232,rgb/000232_1779243751292.png,1779243751292,597765.553671,49,1779243751287,597765.549563,4.108
233,rgb/000233_1779243751324.png,1779243751324,597765.586371,50,1779243751308,597765.570438,15.932
234,rgb/000234_1779243751356.png,1779243751356,597765.618621,51,1779243751351,597765.613061,5.56
235,rgb/000235_1779243751389.png,1779243751389,597765.650840,51,1779243751387,597765.648905,1.935
236,rgb/000236_1779243751421.png,1779243751421,597765.683457,49,1779243751408,597765.670022,13.436
237,rgb/000237_1779243751454.png,1779243751454,597765.715922,50,1779243751449,597765.710684,5.237
238,rgb/000238_1779243751486.png,1779243751486,597765.748110,46,1779243751489,597765.751260,3.15
239,rgb/000239_1779243751519.png,1779243751519,597765.781052,44,1779243751509,597765.771536,9.515
240,rgb/000240_1779243751551.png,1779243751551,597765.813040,45,1779243751530,597765.791837,21.203
241,rgb/000241_1779243751584.png,1779243751584,597765.845743,43,1779243751591,597765.852633,6.89
242,rgb/000242_1779243751616.png,1779243751616,597765.878007,42,1779243751611,597765.872884,5.123
243,rgb/000243_1779243751649.png,1779243751649,597765.911541,41,1779243751647,597765.909470,2.071
244,rgb/000244_1779243751681.png,1779243751681,597765.942985,38,1779243751668,597765.929795,13.19
245,rgb/000245_1779243751714.png,1779243751714,597765.975861,35,1779243751708,597765.970447,5.413
246,rgb/000246_1779243751745.png,1779243751745,597766.007151,35,1779243751729,597765.990763,16.388
247,rgb/000247_1779243751778.png,1779243751778,597766.039852,35,1779243751769,597766.031381,8.47
248,rgb/000248_1779243751810.png,1779243751810,597766.072581,32,1779243751810,597766.071960,0.62
249,rgb/000249_1779243751842.png,1779243751842,597766.104358,31,1779243751830,597766.092236,12.121
250,rgb/000250_1779243751877.png,1779243751877,597766.138836,30,1779243751866,597766.127777,11.059
251,rgb/000251_1779243751907.png,1779243751907,597766.169518,32,1779243751908,597766.170511,0.994
252,rgb/000252_1779243751941.png,1779243751941,597766.203285,32,1779243751946,597766.208266,4.981
253,rgb/000253_1779243751972.png,1779243751972,597766.234559,31,1779243751967,597766.229434,5.125
254,rgb/000254_1779243752006.png,1779243752006,597766.268023,32,1779243752009,597766.271226,3.202
255,rgb/000255_1779243752037.png,1779243752037,597766.298969,30,1779243752029,597766.291591,7.378
256,rgb/000256_1779243752071.png,1779243752071,597766.332686,30,1779243752065,597766.327075,5.612
257,rgb/000257_1779243752102.png,1779243752102,597766.363903,30,1779243752085,597766.347310,16.592
258,rgb/000258_1779243752134.png,1779243752134,597766.396194,32,1779243752126,597766.387876,8.318
259,rgb/000259_1779243752167.png,1779243752167,597766.429080,29,1779243752166,597766.428382,0.699
260,rgb/000260_1779243752199.png,1779243752199,597766.461207,29,1779243752207,597766.468845,7.638
261,rgb/000261_1779243752232.png,1779243752232,597766.493820,27,1779243752227,597766.489115,4.705
262,rgb/000262_1779243752265.png,1779243752265,597766.527240,25,1779243752268,597766.530003,2.763
263,rgb/000263_1779243752296.png,1779243752296,597766.558481,24,1779243752288,597766.550250,8.231
264,rgb/000264_1779243752329.png,1779243752329,597766.591600,23,1779243752324,597766.586500,5.1
265,rgb/000265_1779243752361.png,1779243752361,597766.623372,23,1779243752345,597766.606774,16.598
266,rgb/000266_1779243752394.png,1779243752394,597766.656014,21,1779243752386,597766.648551,7.463
267,rgb/000267_1779243752426.png,1779243752426,597766.687769,18,1779243752427,597766.689111,1.342
268,rgb/000268_1779243752458.png,1779243752458,597766.720432,20,1779243752447,597766.709409,11.023
269,rgb/000269_1779243752491.png,1779243752491,597766.753253,24,1779243752484,597766.745918,7.335
270,rgb/000270_1779243752523.png,1779243752523,597766.785455,25,1779243752524,597766.786530,1.075
271,rgb/000271_1779243752557.png,1779243752557,597766.819241,25,1779243752545,597766.806806,12.435
272,rgb/000272_1779243752588.png,1779243752588,597766.850105,23,1779243752585,597766.847385,2.72
273,rgb/000273_1779243752621.png,1779243752621,597766.882854,25,1779243752628,597766.889894,7.04
274,rgb/000274_1779243752654.png,1779243752654,597766.915785,25,1779243752643,597766.905091,10.694
275,rgb/000275_1779243752685.png,1779243752685,597766.946990,27,1779243752684,597766.945646,1.344
276,rgb/000276_1779243752718.png,1779243752718,597766.980294,28,1779243752724,597766.986312,6.019
277,rgb/000277_1779243752750.png,1779243752750,597767.012186,32,1779243752745,597767.006817,5.369
278,rgb/000278_1779243752782.png,1779243752782,597767.044493,29,1779243752785,597767.047339,2.846
279,rgb/000279_1779243752814.png,1779243752814,597767.076499,29,1779243752805,597767.067591,8.908
280,rgb/000280_1779243752849.png,1779243752849,597767.111064,29,1779243752847,597767.108890,2.174
281,rgb/000281_1779243752879.png,1779243752879,597767.141356,29,1779243752867,597767.129193,12.163
282,rgb/000282_1779243752912.png,1779243752912,597767.173793,29,1779243752903,597767.164688,9.105
283,rgb/000283_1779243752945.png,1779243752945,597767.207442,30,1779243752943,597767.205254,2.188
284,rgb/000284_1779243752977.png,1779243752977,597767.238754,34,1779243752963,597767.225524,13.23
285,rgb/000285_1779243753009.png,1779243753009,597767.271427,31,1779243753004,597767.266140,5.287
286,rgb/000286_1779243753042.png,1779243753042,597767.303768,38,1779243753024,597767.286458,17.311
287,rgb/000287_1779243753074.png,1779243753074,597767.335986,40,1779243753065,597767.327062,8.924
288,rgb/000288_1779243753107.png,1779243753107,597767.368901,41,1779243753107,597767.368739,0.161
289,rgb/000289_1779243753139.png,1779243753139,597767.400900,42,1779243753122,597767.383938,16.962
290,rgb/000290_1779243753204.png,1779243753204,597767.466074,41,1779243753204,597767.466050,0.023
291,rgb/000291_1779243753236.png,1779243753236,597767.497958,44,1779243753224,597767.486375,11.583
292,rgb/000292_1779243753269.png,1779243753269,597767.531143,46,1779243753265,597767.526967,4.176
293,rgb/000293_1779243753301.png,1779243753301,597767.562648,47,1779243753285,597767.547244,15.404
294,rgb/000294_1779243753335.png,1779243753335,597767.597020,48,1779243753322,597767.583937,13.083
295,rgb/000295_1779243753365.png,1779243753365,597767.627524,48,1779243753364,597767.626467,1.057
296,rgb/000296_1779243753399.png,1779243753399,597767.660890,50,1779243753401,597767.663621,2.731
297,rgb/000297_1779243753430.png,1779243753430,597767.692436,54,1779243753422,597767.683921,8.515
298,rgb/000298_1779243753463.png,1779243753463,597767.725221,51,1779243753462,597767.724516,0.705
299,rgb/000299_1779243753495.png,1779243753495,597767.757482,52,1779243753483,597767.744834,12.647
300,rgb/000300_1779243753528.png,1779243753528,597767.790551,49,1779243753524,597767.785919,4.632
301,rgb/000301_1779243753560.png,1779243753560,597767.822359,47,1779243753544,597767.806186,16.173
302,rgb/000302_1779243753592.png,1779243753592,597767.854580,48,1779243753585,597767.847026,7.553
303,rgb/000303_1779243753625.png,1779243753625,597767.886896,49,1779243753621,597767.883211,3.685
304,rgb/000304_1779243753658.png,1779243753658,597767.919623,49,1779243753641,597767.903564,16.06
305,rgb/000305_1779243753690.png,1779243753690,597767.951844,49,1779243753684,597767.945750,6.094
306,rgb/000306_1779243753723.png,1779243753723,597767.985135,46,1779243753724,597767.986356,1.22
307,rgb/000307_1779243753755.png,1779243753755,597768.016758,47,1779243753745,597768.006659,10.099
308,rgb/000308_1779243753788.png,1779243753788,597768.050077,51,1779243753780,597768.042254,7.823
309,rgb/000309_1779243753819.png,1779243753819,597768.081274,54,1779243753801,597768.063251,18.023
310,rgb/000310_1779243753852.png,1779243753852,597768.114000,47,1779243753843,597768.105157,8.843
311,rgb/000311_1779243753884.png,1779243753884,597768.146215,46,1779243753884,597768.146199,0.015
312,rgb/000312_1779243753916.png,1779243753916,597768.178586,46,1779243753904,597768.166429,12.157
313,rgb/000313_1779243753949.png,1779243753949,597768.211526,48,1779243753942,597768.203835,7.69
314,rgb/000314_1779243753981.png,1779243753981,597768.242977,49,1779243753983,597768.244886,1.91
315,rgb/000315_1779243754014.png,1779243754014,597768.276187,50,1779243754003,597768.265220,10.967
316,rgb/000316_1779243754046.png,1779243754046,597768.308470,52,1779243754044,597768.305932,2.538
317,rgb/000317_1779243754080.png,1779243754080,597768.341735,50,1779243754080,597768.341722,0.013
318,rgb/000318_1779243754111.png,1779243754111,597768.372884,51,1779243754100,597768.362058,10.826
319,rgb/000319_1779243754144.png,1779243754144,597768.406088,54,1779243754142,597768.404291,1.797
320,rgb/000320_1779243754175.png,1779243754175,597768.437545,53,1779243754163,597768.424650,12.896
321,rgb/000321_1779243754208.png,1779243754208,597768.470131,52,1779243754200,597768.461737,8.393
322,rgb/000322_1779243754242.png,1779243754242,597768.503875,51,1779243754242,597768.503773,0.102
323,rgb/000323_1779243754273.png,1779243754273,597768.535060,52,1779243754262,597768.524048,11.012
324,rgb/000324_1779243754306.png,1779243754306,597768.567925,52,1779243754299,597768.561357,6.568
325,rgb/000325_1779243754338.png,1779243754338,597768.600044,52,1779243754320,597768.582449,17.595
326,rgb/000326_1779243754370.png,1779243754370,597768.632565,51,1779243754363,597768.625185,7.38
327,rgb/000327_1779243754402.png,1779243754402,597768.664405,54,1779243754400,597768.661968,2.437
328,rgb/000328_1779243754435.png,1779243754435,597768.697277,54,1779243754420,597768.682216,15.061
329,rgb/000329_1779243754468.png,1779243754468,597768.730610,52,1779243754462,597768.723970,6.64
330,rgb/000330_1779243754500.png,1779243754500,597768.762279,54,1779243754498,597768.759961,2.318
331,rgb/000331_1779243754533.png,1779243754533,597768.794636,57,1779243754538,597768.800539,5.904
332,rgb/000332_1779243754565.png,1779243754565,597768.826642,57,1779243754559,597768.820815,5.827
333,rgb/000333_1779243754597.png,1779243754597,597768.859251,57,1779243754599,597768.861381,2.13
334,rgb/000334_1779243754630.png,1779243754630,597768.892595,57,1779243754620,597768.881659,10.936
335,rgb/000335_1779243754662.png,1779243754662,597768.923848,58,1779243754662,597768.923927,0.08
336,rgb/000336_1779243754694.png,1779243754694,597768.956137,60,1779243754699,597768.960934,4.797
337,rgb/000337_1779243754727.png,1779243754727,597768.988739,60,1779243754719,597768.981216,7.523
338,rgb/000338_1779243754759.png,1779243754759,597769.021514,62,1779243754760,597769.021780,0.266
339,rgb/000339_1779243754792.png,1779243754792,597769.053629,62,1779243754780,597769.042069,11.559
340,rgb/000340_1779243754826.png,1779243754826,597769.088035,64,1779243754820,597769.082619,5.417
341,rgb/000341_1779243754856.png,1779243754856,597769.118242,64,1779243754841,597769.102893,15.349
342,rgb/000342_1779243754890.png,1779243754890,597769.152061,64,1779243754881,597769.143589,8.472
343,rgb/000343_1779243754921.png,1779243754921,597769.183200,64,1779243754919,597769.181036,2.164
344,rgb/000344_1779243754954.png,1779243754954,597769.216410,63,1779243754959,597769.221613,5.204
345,rgb/000345_1779243754986.png,1779243754986,597769.248346,62,1779243754980,597769.241887,6.46
346,rgb/000346_1779243755019.png,1779243755019,597769.280737,62,1779243755017,597769.278818,1.919
347,rgb/000347_1779243755051.png,1779243755051,597769.312731,62,1779243755037,597769.299183,13.548
348,rgb/000348_1779243755085.png,1779243755085,597769.346636,63,1779243755079,597769.341041,5.596
349,rgb/000349_1779243755116.png,1779243755116,597769.377623,63,1779243755099,597769.361398,16.226
350,rgb/000350_1779243755148.png,1779243755148,597769.409842,62,1779243755140,597769.402054,7.788
351,rgb/000351_1779243755182.png,1779243755182,597769.443745,62,1779243755176,597769.438563,5.183
352,rgb/000352_1779243755213.png,1779243755213,597769.474757,62,1779243755197,597769.458863,15.895
353,rgb/000353_1779243755245.png,1779243755245,597769.507280,60,1779243755237,597769.499490,7.791
354,rgb/000354_1779243755278.png,1779243755278,597769.539642,57,1779243755278,597769.540062,0.421
355,rgb/000355_1779243755310.png,1779243755310,597769.572615,57,1779243755298,597769.560611,12.004
356,rgb/000356_1779243755344.png,1779243755344,597769.605994,56,1779243755340,597769.601664,4.329
357,rgb/000357_1779243755375.png,1779243755375,597769.636947,56,1779243755375,597769.637585,0.638
358,rgb/000358_1779243755407.png,1779243755407,597769.669244,57,1779243755397,597769.658999,10.246
359,rgb/000359_1779243755440.png,1779243755440,597769.701774,58,1779243755438,597769.699655,2.119
360,rgb/000360_1779243755472.png,1779243755472,597769.734236,58,1779243755478,597769.740292,6.056
361,rgb/000361_1779243755504.png,1779243755504,597769.766384,59,1779243755498,597769.760592,5.792
362,rgb/000362_1779243755537.png,1779243755537,597769.799169,65,1779243755540,597769.801700,2.531
363,rgb/000363_1779243755569.png,1779243755569,597769.831377,61,1779243755555,597769.816925,14.452
364,rgb/000364_1779243755601.png,1779243755601,597769.863524,62,1779243755595,597769.857523,6.001
365,rgb/000365_1779243755635.png,1779243755635,597769.897557,61,1779243755636,597769.898376,0.818
366,rgb/000366_1779243755666.png,1779243755666,597769.928525,61,1779243755657,597769.918679,9.846
367,rgb/000367_1779243755700.png,1779243755700,597769.961664,60,1779243755694,597769.956440,5.224
368,rgb/000368_1779243755731.png,1779243755731,597769.992991,58,1779243755735,597769.997046,4.054
369,rgb/000369_1779243755763.png,1779243755763,597770.025595,59,1779243755756,597770.017671,7.924
370,rgb/000370_1779243755796.png,1779243755796,597770.058034,58,1779243755796,597770.058257,0.223
371,rgb/000371_1779243755828.png,1779243755828,597770.090367,58,1779243755816,597770.078570,11.798
372,rgb/000372_1779243755861.png,1779243755861,597770.123255,58,1779243755858,597770.120380,2.876
373,rgb/000373_1779243755893.png,1779243755893,597770.155045,59,1779243755894,597770.155895,0.851
374,rgb/000374_1779243755926.png,1779243755926,597770.188428,59,1779243755914,597770.176447,11.98
375,rgb/000375_1779243755958.png,1779243755958,597770.219783,57,1779243755955,597770.217089,2.694
376,rgb/000376_1779243755990.png,1779243755990,597770.252181,57,1779243755996,597770.257702,5.521
377,rgb/000377_1779243756023.png,1779243756023,597770.284684,56,1779243756016,597770.277997,6.687
378,rgb/000378_1779243756055.png,1779243756055,597770.317132,54,1779243756058,597770.319775,2.643
379,rgb/000379_1779243756088.png,1779243756088,597770.350420,54,1779243756094,597770.356487,6.066
380,rgb/000380_1779243756120.png,1779243756120,597770.382438,54,1779243756115,597770.376785,5.653
381,rgb/000381_1779243756153.png,1779243756153,597770.414896,53,1779243756156,597770.418226,3.33
382,rgb/000382_1779243756185.png,1779243756185,597770.446774,53,1779243756177,597770.439597,7.177
383,rgb/000383_1779243756250.png,1779243756250,597770.511787,51,1779243756255,597770.516645,4.858
384,rgb/000384_1779243756282.png,1779243756282,597770.544116,51,1779243756275,597770.536967,7.15
385,rgb/000385_1779243756314.png,1779243756314,597770.576622,50,1779243756317,597770.578630,2.008
386,rgb/000386_1779243756348.png,1779243756348,597770.609932,52,1779243756337,597770.598905,11.027
387,rgb/000387_1779243756379.png,1779243756379,597770.641285,52,1779243756372,597770.634526,6.758
388,rgb/000388_1779243756412.png,1779243756412,597770.674045,50,1779243756414,597770.676479,2.433
389,rgb/000389_1779243756444.png,1779243756444,597770.706252,51,1779243756435,597770.696773,9.478
390,rgb/000390_1779243756476.png,1779243756476,597770.738358,49,1779243756475,597770.737345,1.013
391,rgb/000391_1779243756510.png,1779243756510,597770.772320,49,1779243756516,597770.777926,5.606
392,rgb/000392_1779243756541.png,1779243756541,597770.803389,48,1779243756536,597770.798216,5.172
393,rgb/000393_1779243756574.png,1779243756574,597770.836041,47,1779243756572,597770.834580,1.461
394,rgb/000394_1779243756606.png,1779243756606,597770.868348,46,1779243756613,597770.875238,6.889
395,rgb/000395_1779243756638.png,1779243756638,597770.900498,43,1779243756634,597770.896549,3.948
396,rgb/000396_1779243756672.png,1779243756672,597770.934540,42,1779243756675,597770.937119,2.579
397,rgb/000397_1779243756703.png,1779243756703,597770.965479,40,1779243756695,597770.957455,8.024
398,rgb/000398_1779243756736.png,1779243756736,597770.997705,39,1779243756732,597770.994006,3.699
399,rgb/000399_1779243756768.png,1779243756768,597771.030545,39,1779243756773,597771.034641,4.095
400,rgb/000400_1779243756802.png,1779243756802,597771.064016,37,1779243756793,597771.054953,9.062
401,rgb/000401_1779243756833.png,1779243756833,597771.094907,36,1779243756834,597771.095766,0.859
402,rgb/000402_1779243756865.png,1779243756865,597771.127403,36,1779243756855,597771.117473,9.93
403,rgb/000403_1779243756898.png,1779243756898,597771.159808,33,1779243756896,597771.158142,1.666
404,rgb/000404_1779243756931.png,1779243756931,597771.192657,35,1779243756932,597771.193640,0.983
405,rgb/000405_1779243756962.png,1779243756962,597771.224419,30,1779243756952,597771.213923,10.496
406,rgb/000406_1779243756995.png,1779243756995,597771.256926,28,1779243756992,597771.254486,2.44
407,rgb/000407_1779243757027.png,1779243757027,597771.289462,24,1779243757034,597771.296460,6.998
408,rgb/000408_1779243757060.png,1779243757060,597771.321940,24,1779243757055,597771.317150,4.789
409,rgb/000409_1779243757093.png,1779243757093,597771.355222,24,1779243757091,597771.353246,1.976
410,rgb/000410_1779243757125.png,1779243757125,597771.387604,25,1779243757133,597771.395054,7.45
411,rgb/000411_1779243757157.png,1779243757157,597771.419349,26,1779243757153,597771.415382,3.967
412,rgb/000412_1779243757190.png,1779243757190,597771.452185,24,1779243757194,597771.456089,3.904
413,rgb/000413_1779243757222.png,1779243757222,597771.483774,26,1779243757215,597771.477170,6.603
414,rgb/000414_1779243757254.png,1779243757254,597771.516082,28,1779243757252,597771.513733,2.35
415,rgb/000415_1779243757286.png,1779243757286,597771.548483,25,1779243757293,597771.554969,6.486
416,rgb/000416_1779243757319.png,1779243757319,597771.581071,26,1779243757313,597771.575301,5.77
417,rgb/000417_1779243757352.png,1779243757352,597771.614616,27,1779243757350,597771.612104,2.512
418,rgb/000418_1779243757384.png,1779243757384,597771.645652,28,1779243757370,597771.632397,13.255
419,rgb/000419_1779243757418.png,1779243757418,597771.679817,32,1779243757411,597771.672906,6.911
420,rgb/000420_1779243757449.png,1779243757449,597771.710772,32,1779243757431,597771.693200,17.573
421,rgb/000421_1779243757482.png,1779243757482,597771.744303,32,1779243757473,597771.734809,9.495
422,rgb/000422_1779243757514.png,1779243757514,597771.775786,33,1779243757514,597771.776145,0.359
423,rgb/000423_1779243757546.png,1779243757546,597771.808307,33,1779243757551,597771.813259,4.952
424,rgb/000424_1779243757579.png,1779243757579,597771.840817,31,1779243757572,597771.834057,6.761
425,rgb/000425_1779243757611.png,1779243757611,597771.873264,31,1779243757614,597771.876039,2.775
426,rgb/000426_1779243757643.png,1779243757643,597771.905059,31,1779243757635,597771.897445,7.614
427,rgb/000427_1779243757675.png,1779243757675,597771.937416,31,1779243757673,597771.935223,2.193
428,rgb/000428_1779243757773.png,1779243757773,597772.034741,30,1779243757771,597772.032874,1.868
429,rgb/000429_1779243757805.png,1779243757805,597772.066973,30,1779243757811,597772.073566,6.593
430,rgb/000430_1779243757837.png,1779243757837,597772.099471,30,1779243757832,597772.093982,5.49
431,rgb/000431_1779243757870.png,1779243757870,597772.132027,31,1779243757872,597772.134581,2.554
432,rgb/000432_1779243757902.png,1779243757902,597772.164270,33,1779243757893,597772.154847,9.422
433,rgb/000433_1779243757935.png,1779243757935,597772.196867,39,1779243757933,597772.195355,1.512
434,rgb/000434_1779243757968.png,1779243757968,597772.229902,36,1779243757969,597772.230789,0.887
435,rgb/000435_1779243758000.png,1779243758000,597772.261766,36,1779243757989,597772.251055,10.711
436,rgb/000436_1779243758032.png,1779243758032,597772.293883,35,1779243758029,597772.291583,2.3
437,rgb/000437_1779243758064.png,1779243758064,597772.326559,36,1779243758070,597772.332186,5.627
438,rgb/000438_1779243758096.png,1779243758096,597772.358576,37,1779243758092,597772.353686,4.89
439,rgb/000439_1779243758129.png,1779243758129,597772.391182,37,1779243758129,597772.391027,0.155
440,rgb/000440_1779243758161.png,1779243758161,597772.423447,36,1779243758149,597772.411307,12.14
441,rgb/000441_1779243758194.png,1779243758194,597772.455854,38,1779243758191,597772.453053,2.8
442,rgb/000442_1779243758227.png,1779243758227,597772.488670,41,1779243758228,597772.490460,1.789
443,rgb/000443_1779243758259.png,1779243758259,597772.521249,44,1779243758249,597772.510750,10.499
444,rgb/000444_1779243758324.png,1779243758324,597772.585672,44,1779243758331,597772.592856,7.183
445,rgb/000445_1779243758356.png,1779243758356,597772.618095,45,1779243758351,597772.613304,4.791
446,rgb/000446_1779243758388.png,1779243758388,597772.650464,44,1779243758392,597772.654054,3.59
447,rgb/000447_1779243758421.png,1779243758421,597772.683570,48,1779243758428,597772.689649,6.079
448,rgb/000448_1779243758453.png,1779243758453,597772.715218,44,1779243758448,597772.709954,5.264
449,rgb/000449_1779243758487.png,1779243758487,597772.748828,43,1779243758490,597772.751970,3.142
450,rgb/000450_1779243758518.png,1779243758518,597772.780147,42,1779243758511,597772.773461,6.686
451,rgb/000451_1779243758551.png,1779243758551,597772.812681,44,1779243758547,597772.809540,3.141
452,rgb/000452_1779243758584.png,1779243758584,597772.845871,51,1779243758589,597772.850826,4.955
453,rgb/000453_1779243758615.png,1779243758615,597772.877557,47,1779243758610,597772.871973,5.585
454,rgb/000454_1779243758648.png,1779243758648,597772.909936,49,1779243758650,597772.912545,2.609
455,rgb/000455_1779243758680.png,1779243758680,597772.941987,48,1779243758671,597772.932815,9.172
456,rgb/000456_1779243758713.png,1779243758713,597772.974734,50,1779243758706,597772.968308,6.427
457,rgb/000457_1779243758745.png,1779243758745,597773.007257,51,1779243758726,597772.988600,18.657
458,rgb/000458_1779243758777.png,1779243758777,597773.039171,54,1779243758768,597773.030440,8.732
459,rgb/000459_1779243758810.png,1779243758810,597773.071881,55,1779243758811,597773.072663,0.783
460,rgb/000460_1779243758842.png,1779243758842,597773.104457,55,1779243758846,597773.108217,3.76
461,rgb/000461_1779243758874.png,1779243758874,597773.136518,58,1779243758866,597773.128524,7.994
462,rgb/000462_1779243758907.png,1779243758907,597773.168765,55,1779243758907,597773.169143,0.379
463,rgb/000463_1779243758941.png,1779243758941,597773.202705,57,1779243758948,597773.209668,6.963
464,rgb/000464_1779243758972.png,1779243758972,597773.233725,56,1779243758968,597773.229920,3.805
465,rgb/000465_1779243759004.png,1779243759004,597773.266389,56,1779243758988,597773.250186,16.203
466,rgb/000466_1779243759037.png,1779243759037,597773.298974,57,1779243759029,597773.291386,7.588
467,rgb/000467_1779243759069.png,1779243759069,597773.331048,65,1779243759066,597773.328335,2.713
468,rgb/000468_1779243759101.png,1779243759101,597773.363240,55,1779243759088,597773.349807,13.433
469,rgb/000469_1779243759135.png,1779243759135,597773.396963,54,1779243759128,597773.390406,6.557
470,rgb/000470_1779243759166.png,1779243759166,597773.428188,57,1779243759149,597773.410701,17.487
471,rgb/000471_1779243759199.png,1779243759199,597773.460885,56,1779243759185,597773.446729,14.156
472,rgb/000472_1779243759232.png,1779243759232,597773.494359,57,1779243759225,597773.487313,7.047
473,rgb/000473_1779243759263.png,1779243759263,597773.525443,57,1779243759245,597773.507588,17.855
474,rgb/000474_1779243759296.png,1779243759296,597773.558254,56,1779243759286,597773.548161,10.093
475,rgb/000475_1779243759328.png,1779243759328,597773.590398,59,1779243759327,597773.588734,1.664
476,rgb/000476_1779243759361.png,1779243759361,597773.622641,60,1779243759347,597773.609019,13.621
477,rgb/000477_1779243759393.png,1779243759393,597773.655397,61,1779243759385,597773.646970,8.427
478,rgb/000478_1779243759427.png,1779243759427,597773.689327,61,1779243759426,597773.687665,1.662
479,rgb/000479_1779243759458.png,1779243759458,597773.719735,62,1779243759446,597773.707914,11.821
480,rgb/000480_1779243759490.png,1779243759490,597773.752531,63,1779243759488,597773.749871,2.661
481,rgb/000481_1779243759523.png,1779243759523,597773.784738,64,1779243759508,597773.770193,14.545
482,rgb/000482_1779243759555.png,1779243759555,597773.816927,64,1779243759549,597773.810744,6.183
483,rgb/000483_1779243759589.png,1779243759589,597773.851338,62,1779243759584,597773.846225,5.113
484,rgb/000484_1779243759620.png,1779243759620,597773.881865,63,1779243759604,597773.866530,15.336
485,rgb/000485_1779243759653.png,1779243759653,597773.915391,62,1779243759646,597773.907740,7.651
486,rgb/000486_1779243759685.png,1779243759685,597773.946920,63,1779243759686,597773.948329,1.409
487,rgb/000487_1779243759717.png,1779243759717,597773.979345,64,1779243759706,597773.968576,10.77
488,rgb/000488_1779243759749.png,1779243759749,597774.011384,64,1779243759747,597774.009131,2.253
489,rgb/000489_1779243759782.png,1779243759782,597774.044041,65,1779243759784,597774.045941,1.9
490,rgb/000490_1779243759814.png,1779243759814,597774.076546,65,1779243759805,597774.067114,9.431
491,rgb/000491_1779243759846.png,1779243759846,597774.108572,64,1779243759846,597774.107660,0.912
492,rgb/000492_1779243759879.png,1779243759879,597774.141178,65,1779243759866,597774.127923,13.255
493,rgb/000493_1779243759912.png,1779243759912,597774.173725,65,1779243759906,597774.168427,5.298
494,rgb/000494_1779243759944.png,1779243759944,597774.206329,66,1779243759927,597774.188812,17.518
495,rgb/000495_1779243759976.png,1779243759976,597774.238549,66,1779243759963,597774.225138,13.411
496,rgb/000496_1779243760009.png,1779243760009,597774.270683,66,1779243760004,597774.266423,4.26
497,rgb/000497_1779243760041.png,1779243760041,597774.303171,66,1779243760025,597774.286732,16.439
498,rgb/000498_1779243760075.png,1779243760075,597774.336906,66,1779243760066,597774.328469,8.437
499,rgb/000499_1779243760106.png,1779243760106,597774.367913,64,1779243760102,597774.364503,3.41
500,rgb/000500_1779243760139.png,1779243760139,597774.401334,62,1779243760144,597774.406243,4.908
501,rgb/000501_1779243760171.png,1779243760171,597774.432987,62,1779243760164,597774.426560,6.426
502,rgb/000502_1779243760203.png,1779243760203,597774.465383,60,1779243760205,597774.467163,1.78
503,rgb/000503_1779243760236.png,1779243760236,597774.497936,62,1779243760225,597774.487453,10.483
504,rgb/000504_1779243760269.png,1779243760269,597774.531162,61,1779243760267,597774.528918,2.244
505,rgb/000505_1779243760300.png,1779243760300,597774.562358,58,1779243760282,597774.544119,18.239
506,rgb/000506_1779243760333.png,1779243760333,597774.595192,56,1779243760324,597774.585814,9.377
507,rgb/000507_1779243760365.png,1779243760365,597774.627163,54,1779243760364,597774.626362,0.801
508,rgb/000508_1779243760397.png,1779243760397,597774.659390,56,1779243760384,597774.646603,12.787
509,rgb/000509_1779243760430.png,1779243760430,597774.691886,56,1779243760425,597774.687111,4.775
510,rgb/000510_1779243760462.png,1779243760462,597774.724239,55,1779243760445,597774.707374,16.865
511,rgb/000511_1779243760494.png,1779243760494,597774.756605,54,1779243760482,597774.743637,12.969
512,rgb/000512_1779243760592.png,1779243760592,597774.853818,54,1779243760585,597774.846967,6.851
513,rgb/000513_1779243760625.png,1779243760625,597774.886895,56,1779243760626,597774.887707,0.811
514,rgb/000514_1779243760657.png,1779243760657,597774.919008,52,1779243760641,597774.902939,16.069
515,rgb/000515_1779243760689.png,1779243760689,597774.951540,49,1779243760682,597774.943932,7.608
516,rgb/000516_1779243760722.png,1779243760722,597774.984596,49,1779243760723,597774.984625,0.029
517,rgb/000517_1779243760754.png,1779243760754,597775.015836,49,1779243760743,597775.004873,10.963
518,rgb/000518_1779243760786.png,1779243760786,597775.048432,51,1779243760785,597775.046883,1.549
519,rgb/000519_1779243760820.png,1779243760820,597775.082561,49,1779243760820,597775.082607,0.046
520,rgb/000520_1779243760851.png,1779243760851,597775.113133,48,1779243760841,597775.102905,10.228
521,rgb/000521_1779243760884.png,1779243760884,597775.145786,48,1779243760883,597775.144938,0.848
522,rgb/000522_1779243760916.png,1779243760916,597775.177883,48,1779243760903,597775.165266,12.616
523,rgb/000523_1779243760949.png,1779243760949,597775.211377,48,1779243760944,597775.205952,5.426
524,rgb/000524_1779243760981.png,1779243760981,597775.243177,48,1779243760980,597775.242394,0.783
525,rgb/000525_1779243761013.png,1779243761013,597775.275505,48,1779243761002,597775.263626,11.878
526,rgb/000526_1779243761046.png,1779243761046,597775.307655,48,1779243761043,597775.304763,2.892
527,rgb/000527_1779243761078.png,1779243761078,597775.340391,47,1779243761063,597775.325057,15.334
528,rgb/000528_1779243761112.png,1779243761112,597775.373867,47,1779243761104,597775.365645,8.223
529,rgb/000529_1779243761143.png,1779243761143,597775.404892,44,1779243761144,597775.406198,1.306
530,rgb/000530_1779243761175.png,1779243761175,597775.437503,44,1779243761159,597775.421437,16.066
531,rgb/000531_1779243761208.png,1779243761208,597775.469993,42,1779243761200,597775.461997,7.996
532,rgb/000532_1779243761240.png,1779243761240,597775.502076,42,1779243761241,597775.503551,1.475
533,rgb/000533_1779243761273.png,1779243761273,597775.534716,42,1779243761262,597775.523826,10.89
534,rgb/000534_1779243761306.png,1779243761306,597775.568075,36,1779243761304,597775.566149,1.925
535,rgb/000535_1779243761337.png,1779243761337,597775.599244,36,1779243761319,597775.581373,17.871
536,rgb/000536_1779243761370.png,1779243761370,597775.632017,36,1779243761361,597775.622716,9.301
537,rgb/000537_1779243761402.png,1779243761402,597775.664220,36,1779243761401,597775.663335,0.885
538,rgb/000538_1779243761434.png,1779243761434,597775.696440,35,1779243761421,597775.683614,12.826
539,rgb/000539_1779243761467.png,1779243761467,597775.729081,34,1779243761462,597775.724099,4.982
540,rgb/000540_1779243761499.png,1779243761499,597775.761356,35,1779243761503,597775.764669,3.314
541,rgb/000541_1779243761532.png,1779243761532,597775.793672,29,1779243761538,597775.800315,6.642
542,rgb/000542_1779243761564.png,1779243761564,597775.826284,27,1779243761559,597775.820637,5.647
543,rgb/000543_1779243761596.png,1779243761596,597775.858268,30,1779243761599,597775.861266,2.997
544,rgb/000544_1779243761629.png,1779243761629,597775.891250,30,1779243761619,597775.881529,9.72
545,rgb/000545_1779243761663.png,1779243761663,597775.924854,26,1779243761660,597775.922097,2.757
546,rgb/000546_1779243761694.png,1779243761694,597775.955766,25,1779243761680,597775.942395,13.372
547,rgb/000547_1779243761726.png,1779243761726,597775.988093,27,1779243761721,597775.982893,5.201
548,rgb/000548_1779243761760.png,1779243761760,597776.022135,22,1779243761761,597776.023393,1.258
549,rgb/000549_1779243761791.png,1779243761791,597776.053009,21,1779243761781,597776.043614,9.395
550,rgb/000550_1779243761824.png,1779243761824,597776.085628,21,1779243761818,597776.080209,5.419
551,rgb/000551_1779243761856.png,1779243761856,597776.117671,20,1779243761839,597776.100684,16.987
552,rgb/000552_1779243761888.png,1779243761888,597776.149979,24,1779243761880,597776.141833,8.146
553,rgb/000553_1779243761921.png,1779243761921,597776.182993,23,1779243761921,597776.182859,0.134
554,rgb/000554_1779243761953.png,1779243761953,597776.215462,25,1779243761957,597776.219049,3.587
555,rgb/000555_1779243761985.png,1779243761985,597776.247447,25,1779243761977,597776.239387,8.059
556,rgb/000556_1779243762018.png,1779243762018,597776.280405,25,1779243762018,597776.279953,0.451
557,rgb/000557_1779243762050.png,1779243762050,597776.312287,25,1779243762038,597776.300217,12.071
558,rgb/000558_1779243762083.png,1779243762083,597776.345438,25,1779243762080,597776.341702,3.735
559,rgb/000559_1779243762115.png,1779243762115,597776.376925,25,1779243762100,597776.361954,14.97
560,rgb/000560_1779243762147.png,1779243762147,597776.409359,25,1779243762140,597776.402573,6.786
561,rgb/000561_1779243762180.png,1779243762180,597776.441757,25,1779243762181,597776.443221,1.463
562,rgb/000562_1779243762212.png,1779243762212,597776.474189,24,1779243762217,597776.478679,4.49
563,rgb/000563_1779243762244.png,1779243762244,597776.506566,25,1779243762237,597776.498985,7.581
564,rgb/000564_1779243762277.png,1779243762277,597776.538877,24,1779243762278,597776.540489,1.612
565,rgb/000565_1779243762311.png,1779243762311,597776.572686,25,1779243762300,597776.562152,10.534
566,rgb/000566_1779243762342.png,1779243762342,597776.603669,27,1779243762336,597776.597961,5.708
567,rgb/000567_1779243762374.png,1779243762374,597776.636431,30,1779243762377,597776.638638,2.207
568,rgb/000568_1779243762407.png,1779243762407,597776.668921,32,1779243762397,597776.658901,10.02
569,rgb/000569_1779243762439.png,1779243762439,597776.701074,37,1779243762437,597776.699520,1.554
570,rgb/000570_1779243762471.png,1779243762471,597776.733564,36,1779243762458,597776.719773,13.791
571,rgb/000571_1779243762505.png,1779243762505,597776.766733,39,1779243762499,597776.760907,5.826
572,rgb/000572_1779243762536.png,1779243762536,597776.798138,40,1779243762536,597776.798044,0.094
573,rgb/000573_1779243762570.png,1779243762570,597776.832172,41,1779243762557,597776.819400,12.772
574,rgb/000574_1779243762601.png,1779243762601,597776.863515,43,1779243762599,597776.861551,1.965
575,rgb/000575_1779243762634.png,1779243762634,597776.895659,43,1779243762620,597776.881781,13.878
576,rgb/000576_1779243762698.png,1779243762698,597776.960123,45,1779243762696,597776.958550,1.573
577,rgb/000577_1779243762732.png,1779243762732,597776.993737,49,1779243762737,597776.999167,5.43
578,rgb/000578_1779243762764.png,1779243762764,597777.025882,49,1779243762757,597777.019427,6.455
579,rgb/000579_1779243762796.png,1779243762796,597777.057817,50,1779243762798,597777.060470,2.653
580,rgb/000580_1779243762828.png,1779243762828,597777.089983,50,1779243762819,597777.080700,9.283
581,rgb/000581_1779243762860.png,1779243762860,597777.122299,50,1779243762855,597777.116922,5.378
582,rgb/000582_1779243762892.png,1779243762892,597777.154564,52,1779243762895,597777.157567,3.002
583,rgb/000583_1779243762926.png,1779243762926,597777.187852,49,1779243762916,597777.177805,10.048
584,rgb/000584_1779243762958.png,1779243762958,597777.220010,48,1779243762956,597777.218280,1.73
585,rgb/000585_1779243762990.png,1779243762990,597777.251883,45,1779243762977,597777.239592,12.291
586,rgb/000586_1779243763022.png,1779243763022,597777.284512,47,1779243763018,597777.280183,4.329
587,rgb/000587_1779243763056.png,1779243763056,597777.318035,47,1779243763054,597777.316184,1.85
588,rgb/000588_1779243763087.png,1779243763087,597777.348992,48,1779243763074,597777.336494,12.498
589,rgb/000589_1779243763119.png,1779243763119,597777.381401,49,1779243763117,597777.378981,2.419
590,rgb/000590_1779243763154.png,1779243763154,597777.415955,51,1779243763154,597777.415869,0.085
591,rgb/000591_1779243763185.png,1779243763185,597777.446815,51,1779243763174,597777.436190,10.625
592,rgb/000592_1779243763217.png,1779243763217,597777.478762,50,1779243763215,597777.477563,1.199
593,rgb/000593_1779243763249.png,1779243763249,597777.510989,51,1779243763236,597777.497863,13.126
594,rgb/000594_1779243763282.png,1779243763282,597777.543875,51,1779243763276,597777.538556,5.319
595,rgb/000595_1779243763314.png,1779243763314,597777.575965,49,1779243763317,597777.579178,3.212
596,rgb/000596_1779243763347.png,1779243763347,597777.608743,51,1779243763337,597777.599461,9.282
597,rgb/000597_1779243763380.png,1779243763380,597777.641812,52,1779243763374,597777.635937,5.875
598,rgb/000598_1779243763411.png,1779243763411,597777.673255,52,1779243763395,597777.656865,16.39
599,rgb/000599_1779243763445.png,1779243763445,597777.707273,61,1779243763437,597777.699082,8.191
600,rgb/000600_1779243763476.png,1779243763476,597777.737840,63,1779243763475,597777.737159,0.681
601,rgb/000601_1779243763508.png,1779243763508,597777.770255,65,1779243763495,597777.757545,12.71
602,rgb/000602_1779243763542.png,1779243763542,597777.803693,63,1779243763536,597777.798250,5.443
603,rgb/000603_1779243763573.png,1779243763573,597777.835039,66,1779243763577,597777.839093,4.054
604,rgb/000604_1779243763606.png,1779243763606,597777.868200,66,1779243763613,597777.874681,6.481
605,rgb/000605_1779243763638.png,1779243763638,597777.900279,67,1779243763633,597777.895025,5.254
606,rgb/000606_1779243763672.png,1779243763672,597777.933634,67,1779243763675,597777.936928,3.294
607,rgb/000607_1779243763703.png,1779243763703,597777.965320,68,1779243763696,597777.958402,6.919
608,rgb/000608_1779243763735.png,1779243763735,597777.997608,67,1779243763733,597777.994788,2.819
609,rgb/000609_1779243763768.png,1779243763768,597778.029775,67,1779243763753,597778.015049,14.727
610,rgb/000610_1779243763800.png,1779243763800,597778.062017,68,1779243763793,597778.055602,6.415
611,rgb/000611_1779243763833.png,1779243763833,597778.094723,65,1779243763834,597778.096259,1.536
612,rgb/000612_1779243763865.png,1779243763865,597778.126935,69,1779243763854,597778.116606,10.329
613,rgb/000613_1779243763897.png,1779243763897,597778.159283,69,1779243763895,597778.157295,1.989
614,rgb/000614_1779243763931.png,1779243763931,597778.193061,66,1779243763931,597778.193440,0.378
615,rgb/000615_1779243763962.png,1779243763962,597778.223933,65,1779243763952,597778.213712,10.221
616,rgb/000616_1779243763995.png,1779243763995,597778.256879,67,1779243763993,597778.255589,1.29
617,rgb/000617_1779243764027.png,1779243764027,597778.289140,66,1779243764014,597778.275869,13.271
618,rgb/000618_1779243764060.png,1779243764060,597778.322499,67,1779243764051,597778.312632,9.866
619,rgb/000619_1779243764091.png,1779243764091,597778.353461,69,1779243764091,597778.353196,0.264
620,rgb/000620_1779243764124.png,1779243764124,597778.386235,67,1779243764111,597778.373482,12.752
621,rgb/000621_1779243764157.png,1779243764157,597778.419351,64,1779243764153,597778.414642,4.709
622,rgb/000622_1779243764189.png,1779243764189,597778.451290,66,1779243764173,597778.434932,16.358
623,rgb/000623_1779243764221.png,1779243764221,597778.483549,67,1779243764214,597778.476411,7.138
624,rgb/000624_1779243764254.png,1779243764254,597778.516107,67,1779243764235,597778.496788,19.319
625,rgb/000625_1779243764286.png,1779243764286,597778.548316,66,1779243764290,597778.552608,4.292
626,rgb/000626_1779243764318.png,1779243764318,597778.580592,66,1779243764311,597778.573491,7.102
627,rgb/000627_1779243764351.png,1779243764351,597778.612875,66,1779243764353,597778.615231,2.357
628,rgb/000628_1779243764383.png,1779243764383,597778.645501,66,1779243764373,597778.635498,10.003
629,rgb/000629_1779243764416.png,1779243764416,597778.677822,67,1779243764414,597778.676042,1.781
630,rgb/000630_1779243764448.png,1779243764448,597778.710264,66,1779243764450,597778.712114,1.85
631,rgb/000631_1779243764481.png,1779243764481,597778.742743,65,1779243764470,597778.732365,10.378
632,rgb/000632_1779243764513.png,1779243764513,597778.775142,65,1779243764512,597778.774043,1.099
633,rgb/000633_1779243764545.png,1779243764545,597778.807289,71,1779243764532,597778.794329,12.96
634,rgb/000634_1779243764578.png,1779243764578,597778.840373,67,1779243764573,597778.834890,5.483
635,rgb/000635_1779243764610.png,1779243764610,597778.872299,66,1779243764614,597778.875714,3.416
636,rgb/000636_1779243764643.png,1779243764643,597778.905420,63,1779243764649,597778.911323,5.903
637,rgb/000637_1779243764675.png,1779243764675,597778.937294,63,1779243764671,597778.932982,4.312
638,rgb/000638_1779243764708.png,1779243764708,597778.969785,62,1779243764713,597778.974709,4.923
639,rgb/000639_1779243764740.png,1779243764740,597779.001714,62,1779243764733,597778.995013,6.701
640,rgb/000640_1779243764773.png,1779243764773,597779.034634,61,1779243764768,597779.030518,4.115
641,rgb/000641_1779243764805.png,1779243764805,597779.066740,61,1779243764789,597779.050823,15.917
642,rgb/000642_1779243764839.png,1779243764839,597779.100730,60,1779243764830,597779.092406,8.324
643,rgb/000643_1779243764870.png,1779243764870,597779.131684,59,1779243764852,597779.113819,17.865
644,rgb/000644_1779243764902.png,1779243764902,597779.163701,59,1779243764888,597779.150549,13.152
645,rgb/000645_1779243764934.png,1779243764934,597779.196194,58,1779243764929,597779.191308,4.886
646,rgb/000646_1779243764967.png,1779243764967,597779.229083,57,1779243764970,597779.232180,3.096
647,rgb/000647_1779243764999.png,1779243764999,597779.261395,57,1779243764990,597779.252433,8.962
648,rgb/000648_1779243765032.png,1779243765032,597779.293917,56,1779243765031,597779.292964,0.953
649,rgb/000649_1779243765064.png,1779243765064,597779.325937,56,1779243765051,597779.313231,12.706
650,rgb/000650_1779243765096.png,1779243765096,597779.358236,55,1779243765092,597779.353740,4.496
651,rgb/000651_1779243765131.png,1779243765131,597779.392889,53,1779243765132,597779.394304,1.415
652,rgb/000652_1779243765161.png,1779243765161,597779.423179,53,1779243765147,597779.409540,13.639
653,rgb/000653_1779243765193.png,1779243765193,597779.455486,52,1779243765189,597779.450974,4.512
654,rgb/000654_1779243765226.png,1779243765226,597779.488537,55,1779243765230,597779.491748,3.211
655,rgb/000655_1779243765259.png,1779243765259,597779.520990,55,1779243765250,597779.512044,8.946
656,rgb/000656_1779243765291.png,1779243765291,597779.553432,53,1779243765291,597779.552643,0.79
657,rgb/000657_1779243765323.png,1779243765323,597779.584972,51,1779243765311,597779.572930,12.042
658,rgb/000658_1779243765356.png,1779243765356,597779.617630,50,1779243765351,597779.613444,4.186
659,rgb/000659_1779243765388.png,1779243765388,597779.650322,54,1779243765388,597779.650201,0.121
660,rgb/000660_1779243765420.png,1779243765420,597779.682491,47,1779243765430,597779.692405,9.915
661,rgb/000661_1779243765453.png,1779243765453,597779.714772,47,1779243765451,597779.712657,2.115
662,rgb/000662_1779243765486.png,1779243765486,597779.747938,47,1779243765491,597779.753205,5.266
663,rgb/000663_1779243765518.png,1779243765518,597779.779689,46,1779243765512,597779.774395,5.294
664,rgb/000664_1779243765551.png,1779243765551,597779.813423,46,1779243765549,597779.811131,2.291
665,rgb/000665_1779243765582.png,1779243765582,597779.844369,46,1779243765569,597779.831427,12.942
666,rgb/000666_1779243765616.png,1779243765616,597779.878166,49,1779243765610,597779.871995,6.171
667,rgb/000667_1779243765647.png,1779243765647,597779.908977,45,1779243765650,597779.912556,3.58
668,rgb/000668_1779243765681.png,1779243765681,597779.943204,44,1779243765686,597779.948041,4.836
669,rgb/000669_1779243765712.png,1779243765712,597779.974237,41,1779243765706,597779.968356,5.88
670,rgb/000670_1779243765745.png,1779243765745,597780.007531,38,1779243765749,597780.010791,3.26
671,rgb/000671_1779243765777.png,1779243765777,597780.038623,33,1779243765769,597780.031071,7.552
672,rgb/000672_1779243765810.png,1779243765810,597780.071967,34,1779243765810,597780.071853,0.114
673,rgb/000673_1779243765841.png,1779243765841,597780.103416,32,1779243765830,597780.092135,11.281
674,rgb/000674_1779243765874.png,1779243765874,597780.136444,33,1779243765866,597780.127653,8.791
675,rgb/000675_1779243765906.png,1779243765906,597780.168508,33,1779243765908,597780.169650,1.142
676,rgb/000676_1779243765940.png,1779243765940,597780.202164,35,1779243765948,597780.210569,8.405
677,rgb/000677_1779243765971.png,1779243765971,597780.233490,32,1779243765969,597780.230858,2.631
678,rgb/000678_1779243766004.png,1779243766004,597780.266268,28,1779243766009,597780.271487,5.218
679,rgb/000679_1779243766036.png,1779243766036,597780.298071,29,1779243766030,597780.291830,6.241
680,rgb/000680_1779243766068.png,1779243766068,597780.330320,27,1779243766065,597780.327355,2.965
681,rgb/000681_1779243766101.png,1779243766101,597780.362693,24,1779243766106,597780.367932,5.239
682,rgb/000682_1779243766133.png,1779243766133,597780.395245,24,1779243766126,597780.388217,7.028
683,rgb/000683_1779243766166.png,1779243766166,597780.428114,25,1779243766167,597780.428824,0.71
684,rgb/000684_1779243766199.png,1779243766199,597780.461519,22,1779243766207,597780.469444,7.926
685,rgb/000685_1779243766230.png,1779243766230,597780.492258,22,1779243766228,597780.489721,2.537
686,rgb/000686_1779243766263.png,1779243766263,597780.524847,23,1779243766268,597780.530394,5.547
687,rgb/000687_1779243766295.png,1779243766295,597780.557535,25,1779243766289,597780.550687,6.849
688,rgb/000688_1779243766328.png,1779243766328,597780.589889,25,1779243766326,597780.588120,1.77
689,rgb/000689_1779243766360.png,1779243766360,597780.621867,26,1779243766346,597780.608385,13.481
690,rgb/000690_1779243766392.png,1779243766392,597780.654486,25,1779243766387,597780.648938,5.548
691,rgb/000691_1779243766425.png,1779243766425,597780.687306,25,1779243766407,597780.669225,18.081
692,rgb/000692_1779243766458.png,1779243766458,597780.719867,22,1779243766448,597780.709796,10.071
693,rgb/000693_1779243766490.png,1779243766490,597780.751807,25,1779243766488,597780.750339,1.467
694,rgb/000694_1779243766522.png,1779243766522,597780.784058,25,1779243766524,597780.786300,2.242
695,rgb/000695_1779243766556.png,1779243766556,597780.817687,25,1779243766545,597780.807215,10.473
696,rgb/000696_1779243766587.png,1779243766587,597780.848739,25,1779243766587,597780.848974,0.235
697,rgb/000697_1779243766620.png,1779243766620,597780.881757,25,1779243766627,597780.889503,7.746
698,rgb/000698_1779243766652.png,1779243766652,597780.913991,24,1779243766648,597780.909768,4.223
699,rgb/000699_1779243766716.png,1779243766716,597780.978373,25,1779243766724,597780.985805,7.432
700,rgb/000700_1779243766749.png,1779243766749,597781.010903,27,1779243766744,597781.006123,4.78
701,rgb/000701_1779243766781.png,1779243766781,597781.043609,34,1779243766785,597781.046788,3.179
702,rgb/000702_1779243766814.png,1779243766814,597781.075740,35,1779243766805,597781.067390,8.35
703,rgb/000703_1779243766846.png,1779243766846,597781.108398,39,1779243766846,597781.107928,0.47
704,rgb/000704_1779243766879.png,1779243766879,597781.140623,37,1779243766886,597781.148455,7.831
705,rgb/000705_1779243766911.png,1779243766911,597781.173352,38,1779243766907,597781.168813,4.539
706,rgb/000706_1779243766944.png,1779243766944,597781.206468,40,1779243766942,597781.204289,2.179
707,rgb/000707_1779243766976.png,1779243766976,597781.237850,43,1779243766983,597781.245247,7.397
708,rgb/000708_1779243767008.png,1779243767008,597781.270443,44,1779243767003,597781.265558,4.885
709,rgb/000709_1779243767041.png,1779243767041,597781.303006,44,1779243767045,597781.307541,4.535
710,rgb/000710_1779243767073.png,1779243767073,597781.335027,50,1779243767067,597781.329200,5.827
711,rgb/000711_1779243767105.png,1779243767105,597781.367390,44,1779243767103,597781.365607,1.783
712,rgb/000712_1779243767138.png,1779243767138,597781.400069,44,1779243767124,597781.385879,14.19
713,rgb/000713_1779243767170.png,1779243767170,597781.432238,45,1779243767162,597781.423807,8.432
714,rgb/000714_1779243767235.png,1779243767235,597781.497083,49,1779243767244,597781.505989,8.906
715,rgb/000715_1779243767268.png,1779243767268,597781.529695,50,1779243767264,597781.526298,3.397
716,rgb/000716_1779243767300.png,1779243767300,597781.562218,47,1779243767305,597781.566884,4.666
717,rgb/000717_1779243767332.png,1779243767332,597781.594094,47,1779243767325,597781.587181,6.913
718,rgb/000718_1779243767365.png,1779243767365,597781.627514,48,1779243767366,597781.627761,0.247
719,rgb/000719_1779243767397.png,1779243767397,597781.659559,49,1779243767381,597781.642985,16.574
720,rgb/000720_1779243767431.png,1779243767431,597781.692672,49,1779243767423,597781.684992,7.68
721,rgb/000721_1779243767462.png,1779243767462,597781.723792,49,1779243767444,597781.705862,17.93
722,rgb/000722_1779243767494.png,1779243767494,597781.756046,50,1779243767485,597781.747145,8.9
723,rgb/000723_1779243767528.png,1779243767528,597781.789767,50,1779243767521,597781.782826,6.941
724,rgb/000724_1779243767559.png,1779243767559,597781.821015,53,1779243767561,597781.823385,2.369
725,rgb/000725_1779243767593.png,1779243767593,597781.855098,54,1779243767582,597781.844297,10.801
726,rgb/000726_1779243767624.png,1779243767624,597781.885911,61,1779243767623,597781.885354,0.557
727,rgb/000727_1779243767657.png,1779243767657,597781.919524,56,1779243767660,597781.922530,3.006
728,rgb/000728_1779243767689.png,1779243767689,597781.950802,58,1779243767681,597781.943610,7.192
729,rgb/000729_1779243767721.png,1779243767721,597781.983097,60,1779243767723,597781.984708,1.61
730,rgb/000730_1779243767755.png,1779243767755,597782.016671,60,1779243767760,597782.021641,4.971
731,rgb/000731_1779243767786.png,1779243767786,597782.048047,61,1779243767781,597782.042796,5.251
732,rgb/000732_1779243767819.png,1779243767819,597782.081217,65,1779243767822,597782.084106,2.889
733,rgb/000733_1779243767851.png,1779243767851,597782.113110,61,1779243767843,597782.105407,7.703
734,rgb/000734_1779243767883.png,1779243767883,597782.145306,61,1779243767880,597782.141643,3.664
735,rgb/000735_1779243767917.png,1779243767917,597782.178626,66,1779243767921,597782.182709,4.083
736,rgb/000736_1779243767948.png,1779243767948,597782.210271,62,1779243767941,597782.203019,7.252
737,rgb/000737_1779243767980.png,1779243767980,597782.242412,64,1779243767982,597782.243731,1.319
738,rgb/000738_1779243768013.png,1779243768013,597782.275546,64,1779243768002,597782.263984,11.562
739,rgb/000739_1779243768045.png,1779243768045,597782.307293,64,1779243768043,597782.305252,2.041
740,rgb/000740_1779243768078.png,1779243768078,597782.339635,61,1779243768079,597782.341356,1.721
741,rgb/000741_1779243768110.png,1779243768110,597782.372600,61,1779243768099,597782.361605,10.994
742,rgb/000742_1779243768143.png,1779243768143,597782.405154,61,1779243768140,597782.402089,3.065
743,rgb/000743_1779243768174.png,1779243768174,597782.436576,62,1779243768160,597782.422372,14.204
744,rgb/000744_1779243768207.png,1779243768207,597782.469027,62,1779243768201,597782.462945,6.082
745,rgb/000745_1779243768241.png,1779243768241,597782.502897,63,1779243768241,597782.503469,0.573
746,rgb/000746_1779243768272.png,1779243768272,597782.533822,61,1779243768262,597782.523689,10.133
747,rgb/000747_1779243768305.png,1779243768305,597782.566894,59,1779243768303,597782.565071,1.823
748,rgb/000748_1779243768337.png,1779243768337,597782.599157,59,1779243768318,597782.580278,18.879
749,rgb/000749_1779243768369.png,1779243768369,597782.631313,60,1779243768361,597782.622759,8.554
750,rgb/000750_1779243768402.png,1779243768402,597782.664078,59,1779243768402,597782.664061,0.016
751,rgb/000751_1779243768434.png,1779243768434,597782.696268,58,1779243768422,597782.684336,11.933
752,rgb/000752_1779243768467.png,1779243768467,597782.729616,60,1779243768460,597782.722059,7.558
753,rgb/000753_1779243768499.png,1779243768499,597782.760721,59,1779243768501,597782.763067,2.346
754,rgb/000754_1779243768532.png,1779243768532,597782.794527,58,1779243768537,597782.799514,4.986
755,rgb/000755_1779243768563.png,1779243768563,597782.825383,58,1779243768558,597782.819771,5.612
756,rgb/000756_1779243768596.png,1779243768596,597782.858394,55,1779243768578,597782.840024,18.37
757,rgb/000757_1779243768629.png,1779243768629,597782.890774,55,1779243768619,597782.881032,9.742
758,rgb/000758_1779243768661.png,1779243768661,597782.922988,55,1779243768659,597782.921549,1.439
759,rgb/000759_1779243768695.png,1779243768695,597782.956771,55,1779243768700,597782.962603,5.832
760,rgb/000760_1779243768725.png,1779243768725,597782.987504,55,1779243768722,597782.983834,3.67
761,rgb/000761_1779243768758.png,1779243768758,597783.020144,54,1779243768757,597783.019332,0.812
762,rgb/000762_1779243768790.png,1779243768790,597783.052588,54,1779243768777,597783.039584,13.004
763,rgb/000763_1779243768825.png,1779243768825,597783.086761,55,1779243768818,597783.080120,6.641
764,rgb/000764_1779243768855.png,1779243768855,597783.117053,55,1779243768857,597783.118731,1.677
765,rgb/000765_1779243768890.png,1779243768890,597783.151646,54,1779243768897,597783.159297,7.651
766,rgb/000766_1779243768920.png,1779243768920,597783.181847,53,1779243768917,597783.179575,2.271
767,rgb/000767_1779243768953.png,1779243768953,597783.215119,53,1779243768958,597783.220095,4.975
768,rgb/000768_1779243768985.png,1779243768985,597783.247059,54,1779243768978,597783.240348,6.711
769,rgb/000769_1779243769018.png,1779243769018,597783.280154,53,1779243769019,597783.280934,0.78
770,rgb/000770_1779243769050.png,1779243769050,597783.311698,53,1779243769039,597783.301254,10.444
771,rgb/000771_1779243769082.png,1779243769082,597783.344387,53,1779243769080,597783.341874,2.514
772,rgb/000772_1779243769115.png,1779243769115,597783.376709,53,1779243769116,597783.378416,1.707
773,rgb/000773_1779243769148.png,1779243769148,597783.409626,53,1779243769137,597783.399356,10.27
774,rgb/000774_1779243769179.png,1779243769179,597783.441465,52,1779243769178,597783.439992,1.472
775,rgb/000775_1779243769213.png,1779243769213,597783.474973,52,1779243769218,597783.480615,5.643
776,rgb/000776_1779243769244.png,1779243769244,597783.506097,51,1779243769239,597783.500939,5.158
777,rgb/000777_1779243769277.png,1779243769277,597783.538823,51,1779243769280,597783.541952,3.129
778,rgb/000778_1779243769309.png,1779243769309,597783.571313,50,1779243769300,597783.562230,9.084
779,rgb/000779_1779243769341.png,1779243769341,597783.603516,49,1779243769336,597783.597700,5.816
780,rgb/000780_1779243769375.png,1779243769375,597783.637238,49,1779243769376,597783.638251,1.013
781,rgb/000781_1779243769407.png,1779243769407,597783.668683,49,1779243769396,597783.658518,10.165
782,rgb/000782_1779243769439.png,1779243769439,597783.700947,49,1779243769439,597783.700826,0.122
783,rgb/000783_1779243769471.png,1779243769471,597783.733094,49,1779243769459,597783.721096,11.998
784,rgb/000784_1779243769503.png,1779243769503,597783.765378,48,1779243769499,597783.761621,3.757
785,rgb/000785_1779243769537.png,1779243769537,597783.799008,50,1779243769535,597783.797092,1.915
786,rgb/000786_1779243769569.png,1779243769569,597783.830708,51,1779243769555,597783.817363,13.345
787,rgb/000787_1779243769600.png,1779243769600,597783.862489,52,1779243769597,597783.859012,3.477
788,rgb/000788_1779243769635.png,1779243769635,597783.897053,52,1779243769637,597783.899579,2.526
789,rgb/000789_1779243769665.png,1779243769665,597783.927531,53,1779243769658,597783.919844,7.687
790,rgb/000790_1779243769698.png,1779243769698,597783.960468,53,1779243769698,597783.960377,0.091
791,rgb/000791_1779243769730.png,1779243769730,597783.992506,54,1779243769719,597783.980663,11.844
792,rgb/000792_1779243769764.png,1779243769764,597784.025760,55,1779243769754,597784.016279,9.481
793,rgb/000793_1779243769795.png,1779243769795,597784.056972,56,1779243769795,597784.056831,0.141
794,rgb/000794_1779243769828.png,1779243769828,597784.089927,56,1779243769816,597784.077817,12.109
795,rgb/000795_1779243769860.png,1779243769860,597784.121999,55,1779243769856,597784.118497,3.502
796,rgb/000796_1779243769892.png,1779243769892,597784.154210,53,1779243769897,597784.159220,5.01
797,rgb/000797_1779243769926.png,1779243769926,597784.188318,54,1779243769917,597784.179523,8.795
798,rgb/000798_1779243769957.png,1779243769957,597784.219273,55,1779243769958,597784.220122,0.849
799,rgb/000799_1779243769989.png,1779243769989,597784.251421,55,1779243769973,597784.235334,16.088
800,rgb/000800_1779243770022.png,1779243770022,597784.284600,56,1779243770015,597784.276646,7.954
801,rgb/000801_1779243770054.png,1779243770054,597784.316146,55,1779243770056,597784.318063,1.917
802,rgb/000802_1779243770088.png,1779243770088,597784.350379,55,1779243770076,597784.338378,12.002
803,rgb/000803_1779243770120.png,1779243770120,597784.381927,56,1779243770117,597784.379178,2.749
804,rgb/000804_1779243770153.png,1779243770153,597784.414986,57,1779243770158,597784.419714,4.728
805,rgb/000805_1779243770184.png,1779243770184,597784.445822,58,1779243770173,597784.434885,10.937
806,rgb/000806_1779243770217.png,1779243770217,597784.478628,63,1779243770216,597784.478047,0.581
807,rgb/000807_1779243770249.png,1779243770249,597784.510798,59,1779243770236,597784.498320,12.478
808,rgb/000808_1779243770281.png,1779243770281,597784.543277,59,1779243770277,597784.539064,4.213
809,rgb/000809_1779243770315.png,1779243770315,597784.576989,56,1779243770312,597784.574597,2.392
810,rgb/000810_1779243770346.png,1779243770346,597784.607752,55,1779243770333,597784.594901,12.852
811,rgb/000811_1779243770378.png,1779243770378,597784.640453,53,1779243770373,597784.635425,5.028
812,rgb/000812_1779243770411.png,1779243770411,597784.672624,52,1779243770394,597784.655679,16.945
813,rgb/000813_1779243770443.png,1779243770443,597784.705081,51,1779243770435,597784.697452,7.629
814,rgb/000814_1779243770475.png,1779243770475,597784.737535,51,1779243770456,597784.718160,19.375
815,rgb/000815_1779243770508.png,1779243770508,597784.769801,51,1779243770512,597784.773957,4.156
816,rgb/000816_1779243770540.png,1779243770540,597784.802410,51,1779243770533,597784.794885,7.525
817,rgb/000817_1779243770573.png,1779243770573,597784.835129,51,1779243770574,597784.836519,1.39
818,rgb/000818_1779243770605.png,1779243770605,597784.867400,49,1779243770595,597784.856796,10.603
819,rgb/000819_1779243770638.png,1779243770638,597784.899641,47,1779243770635,597784.897364,2.276
820,rgb/000820_1779243770670.png,1779243770670,597784.932338,48,1779243770655,597784.917607,14.731
821,rgb/000821_1779243770702.png,1779243770702,597784.964502,47,1779243770696,597784.958078,6.425
822,rgb/000822_1779243770735.png,1779243770735,597784.997257,47,1779243770731,597784.993487,3.77
823,rgb/000823_1779243770767.png,1779243770767,597785.029556,51,1779243770772,597785.034171,4.615
824,rgb/000824_1779243770800.png,1779243770800,597785.061757,47,1779243770792,597785.054406,7.351
825,rgb/000825_1779243770832.png,1779243770832,597785.093901,47,1779243770834,597785.096161,2.26
826,rgb/000826_1779243770864.png,1779243770864,597785.126549,47,1779243770871,597785.133179,6.63
827,rgb/000827_1779243770897.png,1779243770897,597785.158668,46,1779243770891,597785.153444,5.224
828,rgb/000828_1779243770929.png,1779243770929,597785.191276,47,1779243770932,597785.193956,2.681
829,rgb/000829_1779243770962.png,1779243770962,597785.223932,46,1779243770952,597785.214224,9.708
830,rgb/000830_1779243770994.png,1779243770994,597785.256136,45,1779243770994,597785.255997,0.139
831,rgb/000831_1779243771026.png,1779243771026,597785.288344,47,1779243771014,597785.276258,12.085
832,rgb/000832_1779243771059.png,1779243771059,597785.321039,45,1779243771055,597785.316855,4.184
833,rgb/000833_1779243771092.png,1779243771092,597785.353704,43,1779243771090,597785.352317,1.386
834,rgb/000834_1779243771124.png,1779243771124,597785.386335,45,1779243771131,597785.392900,6.565
835,rgb/000835_1779243771156.png,1779243771156,597785.418315,45,1779243771151,597785.413154,5.16
836,rgb/000836_1779243771188.png,1779243771188,597785.450481,45,1779243771192,597785.453696,3.216
837,rgb/000837_1779243771222.png,1779243771222,597785.484162,44,1779243771213,597785.474981,9.181
838,rgb/000838_1779243771253.png,1779243771253,597785.515478,41,1779243771254,597785.516353,0.875
839,rgb/000839_1779243771286.png,1779243771286,597785.548131,39,1779243771291,597785.553111,4.98
840,rgb/000840_1779243771318.png,1779243771318,597785.579978,37,1779243771311,597785.573394,6.584
841,rgb/000841_1779243771350.png,1779243771350,597785.612618,32,1779243771352,597785.613951,1.333
842,rgb/000842_1779243771383.png,1779243771383,597785.644883,29,1779243771372,597785.634207,10.676
843,rgb/000843_1779243771415.png,1779243771415,597785.677595,29,1779243771413,597785.674946,2.65
844,rgb/000844_1779243771449.png,1779243771449,597785.711202,26,1779243771454,597785.716161,4.959
845,rgb/000845_1779243771480.png,1779243771480,597785.742086,27,1779243771469,597785.731356,10.73
846,rgb/000846_1779243771514.png,1779243771514,597785.776178,27,1779243771510,597785.771896,4.281
847,rgb/000847_1779243771545.png,1779243771545,597785.806747,27,1779243771550,597785.812408,5.661
848,rgb/000848_1779243771578.png,1779243771578,597785.839877,27,1779243771571,597785.832665,7.212
849,rgb/000849_1779243771610.png,1779243771610,597785.872126,26,1779243771612,597785.874330,2.203
850,rgb/000850_1779243771642.png,1779243771642,597785.904395,26,1779243771632,597785.894574,9.821
851,rgb/000851_1779243771675.png,1779243771675,597785.937158,25,1779243771673,597785.935096,2.062
852,rgb/000852_1779243771707.png,1779243771707,597785.969189,22,1779243771688,597785.950288,18.9
853,rgb/000853_1779243771740.png,1779243771740,597786.001907,22,1779243771729,597785.990792,11.115
854,rgb/000854_1779243771772.png,1779243771772,597786.034142,18,1779243771770,597786.031845,2.297
855,rgb/000855_1779243771804.png,1779243771804,597786.066369,18,1779243771790,597786.052091,14.278
856,rgb/000856_1779243771837.png,1779243771837,597786.098892,19,1779243771831,597786.093146,5.746
857,rgb/000857_1779243771869.png,1779243771869,597786.130953,17,1779243771852,597786.113980,16.973
858,rgb/000858_1779243771902.png,1779243771902,597786.163994,16,1779243771908,597786.169800,5.806
859,rgb/000859_1779243771934.png,1779243771934,597786.195929,14,1779243771929,597786.190654,5.275
860,rgb/000860_1779243771967.png,1779243771967,597786.228671,12,1779243771969,597786.231268,2.597
861,rgb/000861_1779243771999.png,1779243771999,597786.260858,12,1779243771989,597786.251602,9.256
862,rgb/000862_1779243772031.png,1779243772031,597786.293402,14,1779243772030,597786.292344,1.058
863,rgb/000863_1779243772063.png,1779243772063,597786.325486,17,1779243772051,597786.312665,12.821
864,rgb/000864_1779243772096.png,1779243772096,597786.358085,18,1779243772091,597786.353551,4.534
865,rgb/000865_1779243772128.png,1779243772128,597786.390330,19,1779243772132,597786.394191,3.861
866,rgb/000866_1779243772160.png,1779243772160,597786.422397,19,1779243772147,597786.409414,12.983
867,rgb/000867_1779243772194.png,1779243772194,597786.456181,20,1779243772188,597786.450020,6.162
868,rgb/000868_1779243772226.png,1779243772226,597786.487794,21,1779243772208,597786.470330,17.464
869,rgb/000869_1779243772258.png,1779243772258,597786.520295,24,1779243772250,597786.512278,8.016
870,rgb/000870_1779243772290.png,1779243772290,597786.552051,25,1779243772291,597786.552773,0.722
871,rgb/000871_1779243772323.png,1779243772323,597786.584692,25,1779243772311,597786.573040,11.652
872,rgb/000872_1779243772355.png,1779243772355,597786.617381,25,1779243772352,597786.613625,3.756
873,rgb/000873_1779243772388.png,1779243772388,597786.649977,25,1779243772387,597786.649104,0.872
874,rgb/000874_1779243772420.png,1779243772420,597786.681903,25,1779243772407,597786.669354,12.549
875,rgb/000875_1779243772453.png,1779243772453,597786.715014,25,1779243772448,597786.709897,5.117
876,rgb/000876_1779243772485.png,1779243772485,597786.746799,25,1779243772468,597786.730168,16.631
877,rgb/000877_1779243772518.png,1779243772518,597786.779830,25,1779243772511,597786.772699,7.13
878,rgb/000878_1779243772550.png,1779243772550,597786.811752,26,1779243772546,597786.808152,3.6
879,rgb/000879_1779243772582.png,1779243772582,597786.844061,26,1779243772587,597786.848711,4.65
880,rgb/000880_1779243772614.png,1779243772614,597786.876433,27,1779243772607,597786.869057,7.375
881,rgb/000881_1779243772647.png,1779243772647,597786.908918,29,1779243772649,597786.910816,1.897
882,rgb/000882_1779243772680.png,1779243772680,597786.942255,34,1779243772669,597786.931097,11.158
883,rgb/000883_1779243772711.png,1779243772711,597786.973582,35,1779243772710,597786.972444,1.138
884,rgb/000884_1779243772744.png,1779243772744,597787.005866,37,1779243772747,597787.009078,3.212
885,rgb/000885_1779243772776.png,1779243772776,597787.038116,39,1779243772767,597787.029333,8.782
886,rgb/000886_1779243772809.png,1779243772809,597787.070768,40,1779243772809,597787.071396,0.628
887,rgb/000887_1779243772841.png,1779243772841,597787.103029,40,1779243772830,597787.091669,11.36
888,rgb/000888_1779243772874.png,1779243772874,597787.136085,44,1779243772865,597787.127272,8.813
889,rgb/000889_1779243772906.png,1779243772906,597787.167886,37,1779243772906,597787.167816,0.07
890,rgb/000890_1779243772939.png,1779243772939,597787.200644,39,1779243772926,597787.188063,12.581
891,rgb/000891_1779243772971.png,1779243772971,597787.232910,40,1779243772967,597787.229291,3.618
892,rgb/000892_1779243773003.png,1779243773003,597787.265122,40,1779243772988,597787.249937,15.186
893,rgb/000893_1779243773036.png,1779243773036,597787.297944,42,1779243773030,597787.291750,6.194
894,rgb/000894_1779243773133.png,1779243773133,597787.395084,42,1779243773126,597787.387978,7.106
895,rgb/000895_1779243773165.png,1779243773165,597787.427275,43,1779243773146,597787.408223,19.052
896,rgb/000896_1779243773198.png,1779243773198,597787.460102,42,1779243773187,597787.448744,11.358
897,rgb/000897_1779243773231.png,1779243773231,597787.493005,45,1779243773224,597787.485751,7.254
898,rgb/000898_1779243773262.png,1779243773262,597787.524483,45,1779243773224,597787.485751,38.733
899,rgb/000899_1779243773295.png,1779243773295,597787.557115,47,1779243773286,597787.548058,9.057
900,rgb/000900_1779243773327.png,1779243773327,597787.589398,50,1779243773328,597787.590043,0.645
901,rgb/000901_1779243773360.png,1779243773360,597787.622072,49,1779243773348,597787.610328,11.745
902,rgb/000902_1779243773392.png,1779243773392,597787.654363,50,1779243773384,597787.645901,8.462
903,rgb/000903_1779243773424.png,1779243773424,597787.686442,49,1779243773424,597787.686459,0.018
904,rgb/000904_1779243773458.png,1779243773458,597787.719630,50,1779243773465,597787.727064,7.434
905,rgb/000905_1779243773490.png,1779243773490,597787.751640,51,1779243773485,597787.747362,4.277
906,rgb/000906_1779243773523.png,1779243773523,597787.784856,49,1779243773526,597787.787891,3.035
907,rgb/000907_1779243773554.png,1779243773554,597787.816044,49,1779243773546,597787.808272,7.772
908,rgb/000908_1779243773587.png,1779243773587,597787.849137,54,1779243773583,597787.844787,4.35
909,rgb/000909_1779243773619.png,1779243773619,597787.880760,59,1779243773623,597787.885365,4.605
910,rgb/000910_1779243773651.png,1779243773651,597787.913416,56,1779243773644,597787.905689,7.727
911,rgb/000911_1779243773684.png,1779243773684,597787.945943,55,1779243773684,597787.946123,0.18
912,rgb/000912_1779243773717.png,1779243773717,597787.979211,55,1779243773705,597787.966986,12.225
913,rgb/000913_1779243773748.png,1779243773748,597788.010455,58,1779243773746,597788.008218,2.237
914,rgb/000914_1779243773781.png,1779243773781,597788.043050,59,1779243773767,597788.028772,14.278
915,rgb/000915_1779243773813.png,1779243773813,597788.075371,61,1779243773802,597788.064261,11.109
916,rgb/000916_1779243773845.png,1779243773845,597788.107461,60,1779243773843,597788.105317,2.144
917,rgb/000917_1779243773878.png,1779243773878,597788.140371,61,1779243773884,597788.146200,5.829
918,rgb/000918_1779243773911.png,1779243773911,597788.172707,63,1779243773904,597788.166466,6.241
919,rgb/000919_1779243773945.png,1779243773945,597788.206685,64,1779243773945,597788.207022,0.338
920,rgb/000920_1779243773976.png,1779243773976,597788.237643,65,1779243773965,597788.227311,10.331
921,rgb/000921_1779243774008.png,1779243774008,597788.270217,67,1779243774006,597788.267984,2.233
922,rgb/000922_1779243774040.png,1779243774040,597788.302061,69,1779243774026,597788.288245,13.817
923,rgb/000923_1779243774073.png,1779243774073,597788.334726,69,1779243774062,597788.324014,10.712
924,rgb/000924_1779243774105.png,1779243774105,597788.367032,67,1779243774103,597788.365167,1.865
925,rgb/000925_1779243774137.png,1779243774137,597788.399249,66,1779243774125,597788.386829,12.419
926,rgb/000926_1779243774171.png,1779243774171,597788.433140,67,1779243774166,597788.427871,5.27
927,rgb/000927_1779243774202.png,1779243774202,597788.464569,70,1779243774202,597788.463795,0.774
928,rgb/000928_1779243774235.png,1779243774235,597788.497064,70,1779243774223,597788.484631,12.433
929,rgb/000929_1779243774267.png,1779243774267,597788.529179,71,1779243774264,597788.526029,3.15
930,rgb/000930_1779243774299.png,1779243774299,597788.561511,68,1779243774284,597788.546344,15.167
931,rgb/000931_1779243774333.png,1779243774333,597788.595300,69,1779243774325,597788.586944,8.356
932,rgb/000932_1779243774365.png,1779243774365,597788.627445,66,1779243774361,597788.623603,3.842
933,rgb/000933_1779243774397.png,1779243774397,597788.658631,66,1779243774382,597788.643872,14.759
934,rgb/000934_1779243774430.png,1779243774430,597788.692121,67,1779243774423,597788.684904,7.217
935,rgb/000935_1779243774462.png,1779243774462,597788.723655,63,1779243774443,597788.705503,18.153
936,rgb/000936_1779243774494.png,1779243774494,597788.755746,59,1779243774481,597788.742763,12.982
937,rgb/000937_1779243774528.png,1779243774528,597788.789989,60,1779243774522,597788.784487,5.502
938,rgb/000938_1779243774559.png,1779243774559,597788.820783,59,1779243774563,597788.825379,4.597
939,rgb/000939_1779243774592.png,1779243774592,597788.853939,58,1779243774584,597788.845687,8.252
940,rgb/000940_1779243774623.png,1779243774623,597788.885543,55,1779243774604,597788.866046,19.497
941,rgb/000941_1779243774656.png,1779243774656,597788.917660,54,1779243774645,597788.906712,10.948
942,rgb/000942_1779243774688.png,1779243774688,597788.950307,56,1779243774682,597788.944193,6.114
943,rgb/000943_1779243774722.png,1779243774722,597788.983666,56,1779243774723,597788.984755,1.089
944,rgb/000944_1779243774753.png,1779243774753,597789.014896,57,1779243774743,597789.005054,9.842
945,rgb/000945_1779243774786.png,1779243774786,597789.048187,55,1779243774784,597789.046471,1.716
946,rgb/000946_1779243774818.png,1779243774818,597789.079667,53,1779243774820,597789.081944,2.277
947,rgb/000947_1779243774851.png,1779243774851,597789.113229,53,1779243774840,597789.102197,11.031
948,rgb/000948_1779243774883.png,1779243774883,597789.145100,54,1779243774882,597789.143905,1.195
